,Irma,Ian,Wilma,Frances,Jeanne,Charley,Ivan,Michael
32002,0.0,0.0,0.0,0.0,1.0,0.0,0.0,1.0
32003,1285.0,1.0,0.0,133.0,138.0,0.0,8.0,138.0
32004,0.0,2.0,0.0,0.0,0.0,0.0,0.0,0.0
32007,10.0,1.0,0.0,35.0,19.0,0.0,0.0,19.0
32008,687.0,0.0,0.0,147.0,190.0,2.0,0.0,190.0
32009,247.0,0.0,0.0,27.0,32.0,0.0,0.0,32.0
32011,1596.0,5.0,0.0,99.0,75.0,0.0,0.0,75.0
32013,0.0,0.0,0.0,0.0,1.0,0.0,0.0,1.0
32014,0.0,1.0,0.0,0.0,0.0,0.0,0.0,0.0
32018,2.0,0.0,0.0,1.0,0.0,0.0,0.0,0.0
32019,1.0,0.0,0.0,0.0,0.0,0.0,0.0,0.0
32020,0.0,1.0,0.0,0.0,0.0,0.0,0.0,0.0
32021,0.0,1.0,0.0,0.0,0.0,0.0,0.0,0.0
32022,1.0,1.0,0.0,0.0,0.0,0.0,0.0,0.0
32024,1885.0,4.0,0.0,506.0,404.0,0.0,0.0,404.0
32025,2468.0,4.0,0.0,641.0,436.0,0.0,0.0,436.0
32028,0.0,1.0,0.0,0.0,0.0,0.0,0.0,0.0
32029,1.0,0.0,0.0,0.0,0.0,0.0,0.0,0.0
32030,1.0,0.0,0.0,0.0,0.0,0.0,0.0,0.0
32032,1.0,1.0,0.0,0.0,0.0,0.0,0.0,0.0
32033,398.0,109.0,0.0,172.0,76.0,5.0,5.0,76.0
32034,2019.0,2.0,0.0,111.0,89.0,0.0,0.0,89.0
32035,0.0,0.0,0.0,1.0,2.0,0.0,0.0,2.0
32037,0.0,0.0,0.0,1.0,0.0,0.0,0.0,0.0
32038,1151.0,2.0,0.0,530.0,336.0,0.0,0.0,336.0
32039,0.0,1.0,0.0,1.0,0.0,0.0,0.0,0.0
32040,896.0,1.0,0.0,69.0,93.0,0.0,0.0,93.0
32041,2.0,0.0,0.0,2.0,2.0,0.0,0.0,2.0
32042,9.0,0.0,0.0,25.0,23.0,0.0,0.0,23.0
32043,2426.0,7.0,0.0,390.0,298.0,0.0,20.0,298.0
32044,248.0,0.0,0.0,127.0,93.0,0.0,0.0,93.0
32045,0.0,0.0,0.0,1.0,0.0,0.0,0.0,0.0
32046,723.0,1.0,0.0,66.0,33.0,0.0,0.0,33.0
32048,0.0,0.0,0.0,0.0,0.0,0.0,0.0,0.0
32049,0.0,0.0,0.0,0.0,0.0,0.0,0.0,0.0
32050,1.0,0.0,0.0,1.0,3.0,0.0,0.0,3.0
32052,298.0,3.0,0.0,0.0,120.0,0.0,0.0,120.0
32053,179.0,0.0,0.0,1.0,63.0,0.0,0.0,63.0
32054,1159.0,3.0,0.0,367.0,338.0,0.0,0.0,338.0
32055,2511.0,8.0,0.0,607.0,496.0,0.0,0.0,496.0
32056,5.0,0.0,0.0,23.0,22.0,0.0,0.0,22.0
32057,0.0,0.0,0.0,1.0,0.0,0.0,0.0,0.0
32058,544.0,1.0,0.0,129.0,219.0,0.0,1.0,219.0
32059,3.0,3.0,8.0,0.0,32.0,0.0,0.0,32.0
32060,2153.0,7.0,1.0,253.0,371.0,0.0,0.0,371.0
32061,36.0,0.0,0.0,12.0,13.0,0.0,0.0,13.0
32062,284.0,2.0,0.0,40.0,46.0,0.0,0.0,46.0
32063,1240.0,1.0,0.0,106.0,140.0,0.0,0.0,140.0
32064,1325.0,1.0,0.0,97.0,205.0,0.0,0.0,205.0
32065,2295.0,8.0,0.0,164.0,128.0,0.0,4.0,128.0
32066,816.0,1.0,0.0,2.0,69.0,0.0,0.0,69.0
32067,1.0,0.0,0.0,0.0,0.0,0.0,0.0,0.0
32068,4995.0,3.0,0.0,533.0,416.0,0.0,32.0,416.0
32071,452.0,1.0,0.0,74.0,66.0,0.0,0.0,66.0
32072,3.0,0.0,0.0,10.0,7.0,0.0,0.0,7.0
32073,3279.0,17.0,0.0,260.0,200.0,0.0,7.0,200.0
32077,0.0,0.0,0.0,0.0,0.0,0.0,0.0,0.0
32079,6.0,0.0,0.0,6.0,3.0,0.0,0.0,3.0
32080,1256.0,530.0,0.0,476.0,168.0,50.0,13.0,168.0
32081,312.0,144.0,0.0,0.0,0.0,0.0,0.0,0.0
32082,885.0,292.0,0.0,96.0,53.0,8.0,1.0,53.0
32083,179.0,0.0,0.0,42.0,57.0,0.0,0.0,57.0
32084,3486.0,1404.0,0.0,908.0,351.0,89.0,27.0,351.0
32085,8.0,2.0,0.0,10.0,6.0,4.0,0.0,6.0
32086,1455.0,616.0,0.0,676.0,252.0,57.0,11.0,252.0
32087,724.0,2.0,0.0,48.0,90.0,0.0,0.0,90.0
32089,0.0,1.0,0.0,0.0,0.0,0.0,0.0,0.0
32090,0.0,0.0,0.0,0.0,2.0,0.0,0.0,2.0
32091,2367.0,3.0,0.0,841.0,957.0,1.0,0.0,957.0
32092,1632.0,517.0,0.0,403.0,199.0,19.0,12.0,199.0
32094,361.0,1.0,0.0,100.0,106.0,0.0,0.0,106.0
32095,727.0,272.0,0.0,249.0,95.0,17.0,7.0,95.0
32096,238.0,0.0,0.0,13.0,157.0,0.0,0.0,157.0
32097,1793.0,2.0,0.0,72.0,45.0,0.0,0.0,45.0
32102,578.0,447.0,0.0,233.0,152.0,21.0,11.0,152.0
32105,8.0,1.0,0.0,22.0,5.0,5.0,0.0,5.0
32110,1206.0,665.0,0.0,676.0,195.0,127.0,21.0,195.0
32111,3.0,0.0,1.0,13.0,11.0,0.0,1.0,11.0
32112,1494.0,531.0,0.0,705.0,370.0,0.0,0.0,370.0
32113,1571.0,2.0,0.0,618.0,587.0,0.0,24.0,587.0
32114,7433.0,7523.0,0.0,2594.0,736.0,2196.0,44.0,736.0
32115,4.0,0.0,0.0,1.0,1.0,3.0,0.0,1.0
32116,1.0,1.0,0.0,1.0,0.0,1.0,0.0,0.0
32117,4303.0,5140.0,0.0,2210.0,559.0,1992.0,39.0,559.0
32118,1565.0,2449.0,0.0,1776.0,484.0,1067.0,31.0,484.0
32119,2408.0,4200.0,0.0,1952.0,481.0,1486.0,26.0,481.0
32120,0.0,1.0,0.0,5.0,1.0,0.0,0.0,1.0
32121,1.0,1.0,0.0,0.0,0.0,1.0,0.0,0.0
32122,1.0,0.0,0.0,1.0,0.0,0.0,0.0,0.0
32123,0.0,3.0,0.0,0.0,1.0,0.0,0.0,1.0
32124,214.0,344.0,0.0,149.0,28.0,76.0,4.0,28.0
32125,1.0,1.0,1.0,1.0,0.0,2.0,0.0,0.0
32126,1.0,1.0,0.0,3.0,1.0,2.0,0.0,1.0
32127,1926.0,4301.0,0.0,2933.0,602.0,1964.0,31.0,602.0
32128,573.0,1281.0,0.0,667.0,177.0,573.0,6.0,177.0
32129,1510.0,3138.0,0.0,1790.0,360.0,1087.0,22.0,360.0
32130,827.0,436.0,0.0,620.0,216.0,85.0,7.0,216.0
32131,888.0,255.0,0.0,470.0,290.0,0.0,0.0,290.0
32132,657.0,996.0,0.0,789.0,197.0,604.0,15.0,197.0
32133,21.0,0.0,0.0,6.0,4.0,0.0,1.0,4.0
32134,1189.0,4.0,0.0,499.0,467.0,0.0,14.0,467.0
32135,1.0,0.0,0.0,8.0,2.0,1.0,1.0,2.0
32136,1301.0,458.0,0.0,596.0,174.0,206.0,16.0,174.0
32137,2548.0,1245.0,0.0,1141.0,346.0,174.0,25.0,346.0
32138,7.0,0.0,0.0,17.0,18.0,0.0,0.0,18.0
32139,248.0,64.0,0.0,165.0,129.0,1.0,0.0,129.0
32140,293.0,39.0,0.0,151.0,60.0,0.0,0.0,60.0
32141,1602.0,2227.0,0.0,1935.0,385.0,1137.0,28.0,385.0
32142,0.0,1.0,1.0,0.0,1.0,0.0,0.0,1.0
32143,0.0,0.0,0.0,0.0,0.0,0.0,0.0,0.0
32144,0.0,2.0,0.0,0.0,0.0,0.0,0.0,0.0
32145,962.0,285.0,0.0,328.0,161.0,15.0,7.0,161.0
32147,134.0,13.0,2.0,109.0,78.0,0.0,0.0,78.0
32148,1809.0,458.0,0.0,861.0,586.0,0.0,0.0,586.0
32149,0.0,0.0,0.0,1.0,0.0,0.0,0.0,0.0
32152,1.0,0.0,0.0,0.0,0.0,0.0,0.0,0.0
32157,25.0,4.0,0.0,79.0,35.0,0.0,0.0,35.0
32158,0.0,0.0,0.0,5.0,6.0,0.0,1.0,6.0
32159,2566.0,314.0,0.0,350.0,336.0,24.0,9.0,336.0
32160,1.0,0.0,0.0,7.0,3.0,0.0,0.0,3.0
32162,415.0,3.0,0.0,23.0,16.0,0.0,0.0,16.0
32163,97.0,5.0,0.0,0.0,0.0,0.0,0.0,0.0
32164,3995.0,2084.0,0.0,1199.0,278.0,208.0,18.0,278.0
32167,0.0,1.0,0.0,0.0,0.0,0.0,0.0,0.0
32168,1773.0,6723.0,0.0,1839.0,488.0,1702.0,20.0,488.0
32169,539.0,617.0,0.0,834.0,323.0,371.0,11.0,323.0
32170,2.0,1.0,0.0,4.0,0.0,3.0,0.0,0.0
32171,0.0,2.0,0.0,0.0,0.0,0.0,0.0,0.0
32173,0.0,1.0,0.0,1.0,0.0,0.0,0.0,0.0
32174,2982.0,3149.0,1.0,2979.0,757.0,2146.0,42.0,757.0
32175,0.0,1.0,0.0,1.0,0.0,0.0,0.0,0.0
32176,1105.0,1018.0,0.0,1374.0,399.0,955.0,18.0,399.0
32177,5349.0,2204.0,0.0,2254.0,1565.0,0.0,0.0,1565.0
32178,1.0,1.0,0.0,16.0,7.0,0.0,0.0,7.0
32179,1979.0,1.0,0.0,500.0,384.0,0.0,20.0,384.0
32180,578.0,273.0,0.0,362.0,145.0,40.0,6.0,145.0
32181,557.0,140.0,0.0,250.0,129.0,0.0,0.0,129.0
32182,23.0,1.0,0.0,65.0,55.0,0.0,3.0,55.0
32183,8.0,0.0,0.0,22.0,11.0,0.0,1.0,11.0
32185,13.0,1.0,0.0,15.0,13.0,0.0,0.0,13.0
32187,425.0,83.0,0.0,285.0,147.0,0.0,0.0,147.0
32189,1262.0,294.0,0.0,506.0,286.0,0.0,0.0,286.0
32190,227.0,83.0,0.0,147.0,77.0,15.0,2.0,77.0
32191,0.0,0.0,0.0,1.0,0.0,0.0,0.0,0.0
32192,21.0,0.0,0.0,57.0,68.0,0.0,0.0,68.0
32193,226.0,89.0,0.0,139.0,103.0,0.0,0.0,103.0
32195,701.0,5.0,0.0,168.0,178.0,0.0,9.0,178.0
32198,0.0,1.0,0.0,1.0,0.0,0.0,0.0,0.0
32201,6.0,0.0,0.0,1.0,0.0,0.0,0.0,0.0
32202,384.0,2.0,0.0,5.0,16.0,3.0,0.0,16.0
32203,3.0,0.0,0.0,0.0,0.0,0.0,0.0,0.0
32204,909.0,1.0,0.0,36.0,28.0,5.0,1.0,28.0
32205,4206.0,8.0,0.0,156.0,149.0,22.0,14.0,149.0
32206,4156.0,11.0,0.0,167.0,143.0,21.0,19.0,143.0
32207,3970.0,3.0,0.0,133.0,182.0,22.0,7.0,182.0
32208,9128.0,9.0,0.0,538.0,506.0,121.0,23.0,506.0
32209,10618.0,12.0,0.0,376.0,381.0,181.0,29.0,381.0
32210,11403.0,21.0,0.0,298.0,333.0,33.0,18.0,333.0
32211,5438.0,7.0,0.0,180.0,131.0,15.0,11.0,131.0
32212,39.0,0.0,0.0,0.0,0.0,0.0,0.0,0.0
32214,0.0,0.0,0.0,1.0,1.0,0.0,0.0,1.0
32216,3631.0,4.0,0.0,118.0,119.0,24.0,9.0,119.0
32217,1876.0,2.0,0.0,57.0,70.0,6.0,7.0,70.0
32218,10270.0,14.0,0.0,273.0,229.0,29.0,12.0,229.0
32219,2435.0,1.0,0.0,98.0,103.0,15.0,5.0,103.0
32220,1175.0,1.0,0.0,57.0,74.0,8.0,1.0,74.0
32221,2669.0,6.0,0.0,83.0,99.0,8.0,6.0,99.0
32222,1107.0,3.0,0.0,26.0,25.0,2.0,1.0,25.0
32223,1423.0,5.0,0.0,266.0,179.0,21.0,7.0,179.0
32224,1477.0,4.0,0.0,70.0,41.0,6.0,3.0,41.0
32225,3654.0,7.0,1.0,217.0,147.0,24.0,8.0,147.0
32226,1489.0,2.0,0.0,81.0,65.0,12.0,4.0,65.0
32227,57.0,0.0,0.0,0.0,0.0,0.0,0.0,0.0
32228,8.0,0.0,0.0,0.0,0.0,0.0,0.0,0.0
32229,0.0,1.0,0.0,0.0,0.0,0.0,0.0,0.0
32231,1.0,1.0,0.0,0.0,0.0,0.0,0.0,0.0
32233,1731.0,4.0,0.0,81.0,59.0,15.0,4.0,59.0
32234,718.0,1.0,0.0,84.0,93.0,7.0,7.0,93.0
32235,0.0,1.0,0.0,0.0,0.0,0.0,0.0,0.0
32236,1.0,0.0,0.0,0.0,0.0,0.0,0.0,0.0
32237,0.0,0.0,0.0,0.0,1.0,0.0,0.0,1.0
32240,0.0,0.0,0.0,2.0,0.0,0.0,0.0,0.0
32241,2.0,0.0,0.0,0.0,0.0,0.0,0.0,0.0
32243,1.0,0.0,0.0,0.0,0.0,0.0,0.0,0.0
32244,7876.0,9.0,0.0,218.0,221.0,24.0,17.0,221.0
32245,2.0,0.0,0.0,0.0,0.0,0.0,0.0,0.0
32246,3672.0,5.0,0.0,129.0,112.0,17.0,8.0,112.0
32250,1184.0,0.0,0.0,157.0,83.0,14.0,7.0,83.0
32254,3504.0,4.0,0.0,136.0,145.0,77.0,10.0,145.0
32255,3.0,0.0,0.0,0.0,0.0,0.0,0.0,0.0
32256,2915.0,6.0,0.0,22.0,31.0,10.0,1.0,31.0
32257,2454.0,6.0,0.0,135.0,114.0,8.0,7.0,114.0
32258,1363.0,4.0,0.0,182.0,99.0,15.0,6.0,99.0
32259,1260.0,544.0,0.0,271.0,153.0,25.0,12.0,153.0
32260,0.0,0.0,0.0,0.0,1.0,1.0,0.0,1.0
32266,233.0,0.0,0.0,33.0,15.0,1.0,1.0,15.0
32271,1.0,1.0,0.0,0.0,0.0,0.0,0.0,0.0
32277,4516.0,5.0,0.0,158.0,111.0,10.0,6.0,111.0
32287,1.0,0.0,0.0,0.0,0.0,0.0,0.0,0.0
32299,1.0,0.0,0.0,0.0,0.0,0.0,0.0,0.0
32300,0.0,0.0,0.0,1.0,0.0,0.0,0.0,0.0
32301,4.0,4.0,0.0,0.0,0.0,0.0,36.0,0.0
32302,0.0,0.0,0.0,0.0,0.0,0.0,0.0,0.0
32303,6.0,10.0,0.0,0.0,0.0,0.0,41.0,0.0
32304,6.0,4.0,0.0,0.0,0.0,0.0,32.0,0.0
32305,0.0,4.0,0.0,0.0,0.0,0.0,30.0,0.0
32306,0.0,0.0,0.0,0.0,0.0,0.0,0.0,0.0
32307,0.0,0.0,0.0,0.0,0.0,0.0,0.0,0.0
32308,2.0,2.0,0.0,0.0,0.0,0.0,17.0,0.0
32309,2.0,2.0,0.0,0.0,0.0,0.0,41.0,0.0
32310,3.0,5.0,0.0,0.0,0.0,0.0,26.0,0.0
32311,0.0,0.0,0.0,0.0,0.0,0.0,17.0,0.0
32312,2.0,3.0,0.0,0.0,0.0,0.0,24.0,0.0
32314,0.0,1.0,0.0,0.0,0.0,0.0,0.0,0.0
32315,0.0,0.0,0.0,0.0,0.0,0.0,0.0,0.0
32317,1.0,2.0,0.0,0.0,0.0,0.0,9.0,0.0
32318,0.0,1.0,0.0,0.0,0.0,0.0,0.0,0.0
32320,1.0,1.0,0.0,0.0,0.0,0.0,69.0,0.0
32321,0.0,1.0,0.0,0.0,0.0,0.0,75.0,0.0
32322,0.0,1.0,0.0,0.0,0.0,0.0,6.0,0.0
32323,0.0,0.0,0.0,0.0,0.0,0.0,0.0,0.0
32324,0.0,0.0,0.0,1.0,0.0,0.0,6.0,0.0
32326,0.0,0.0,0.0,0.0,0.0,0.0,1.0,0.0
32327,2.0,6.0,0.0,0.0,0.0,0.0,30.0,0.0
32328,0.0,0.0,0.0,0.0,0.0,0.0,25.0,0.0
32329,0.0,0.0,0.0,0.0,0.0,0.0,2.0,0.0
32330,0.0,0.0,0.0,0.0,0.0,0.0,3.0,0.0
32331,1.0,0.0,0.0,0.0,186.0,0.0,1.0,186.0
32332,0.0,0.0,0.0,0.0,0.0,0.0,15.0,0.0
32333,1.0,4.0,0.0,0.0,0.0,0.0,30.0,0.0
32334,0.0,0.0,0.0,0.0,0.0,0.0,5.0,0.0
32336,0.0,1.0,0.0,0.0,13.0,0.0,1.0,13.0
32337,0.0,0.0,0.0,0.0,3.0,0.0,0.0,3.0
32340,1.0,5.0,1.0,0.0,464.0,0.0,0.0,464.0
32341,0.0,0.0,0.0,0.0,10.0,0.0,0.0,10.0
32343,0.0,1.0,0.0,0.0,0.0,0.0,7.0,0.0
32344,0.0,5.0,0.0,0.0,143.0,0.0,0.0,143.0
32345,0.0,0.0,0.0,0.0,1.0,0.0,0.0,1.0
32346,0.0,0.0,0.0,0.0,0.0,0.0,7.0,0.0
32347,0.0,1.0,0.0,0.0,57.0,0.0,24.0,57.0
32348,0.0,3.0,0.0,0.0,81.0,0.0,30.0,81.0
32350,0.0,0.0,0.0,0.0,18.0,0.0,0.0,18.0
32351,1.0,6.0,0.0,0.0,0.0,0.0,51.0,0.0
32352,0.0,0.0,0.0,0.0,0.0,0.0,19.0,0.0
32353,0.0,0.0,1.0,0.0,0.0,0.0,0.0,0.0
32355,0.0,0.0,0.0,0.0,0.0,0.0,1.0,0.0
32356,0.0,0.0,0.0,0.0,2.0,0.0,1.0,2.0
32357,0.0,0.0,0.0,0.0,4.0,0.0,3.0,4.0
32358,0.0,0.0,0.0,0.0,0.0,0.0,1.0,0.0
32359,23.0,1.0,0.0,7.0,38.0,3.0,21.0,38.0
32360,0.0,0.0,0.0,0.0,0.0,0.0,1.0,0.0
32361,0.0,0.0,0.0,0.0,3.0,0.0,0.0,3.0
32362,0.0,0.0,0.0,0.0,0.0,0.0,2.0,0.0
32378,0.0,1.0,0.0,0.0,0.0,0.0,0.0,0.0
32385,0.0,1.0,0.0,0.0,0.0,0.0,0.0,0.0
32389,0.0,1.0,0.0,0.0,0.0,0.0,0.0,0.0
32395,0.0,0.0,0.0,0.0,0.0,0.0,1.0,0.0
32397,0.0,0.0,0.0,0.0,1.0,0.0,0.0,1.0
32399,0.0,0.0,0.0,0.0,0.0,0.0,1.0,0.0
32400,0.0,0.0,0.0,0.0,0.0,0.0,0.0,0.0
32401,2.0,10.0,0.0,0.0,0.0,0.0,559.0,0.0
32402,0.0,0.0,0.0,0.0,0.0,0.0,5.0,0.0
32403,0.0,1.0,0.0,0.0,0.0,0.0,3.0,0.0
32404,0.0,7.0,0.0,0.0,0.0,0.0,708.0,0.0
32405,4.0,5.0,0.0,0.0,0.0,0.0,339.0,0.0
32406,0.0,0.0,0.0,0.0,0.0,0.0,0.0,0.0
32407,1.0,1.0,0.0,0.0,0.0,1.0,145.0,0.0
32408,1.0,1.0,0.0,1.0,0.0,0.0,393.0,0.0
32409,0.0,0.0,0.0,0.0,0.0,0.0,124.0,0.0
32410,0.0,0.0,0.0,0.0,0.0,0.0,8.0,0.0
32411,0.0,0.0,0.0,0.0,0.0,0.0,6.0,0.0
32412,0.0,0.0,0.0,0.0,0.0,0.0,1.0,0.0
32413,1.0,4.0,0.0,1.0,0.0,0.0,322.0,0.0
32414,1.0,0.0,0.0,0.0,0.0,0.0,0.0,0.0
32417,0.0,1.0,0.0,0.0,0.0,1.0,2.0,0.0
32420,0.0,1.0,0.0,0.0,0.0,0.0,8.0,0.0
32421,0.0,0.0,0.0,0.0,0.0,0.0,53.0,0.0
32422,0.0,0.0,0.0,0.0,0.0,0.0,10.0,0.0
32423,0.0,0.0,0.0,0.0,0.0,0.0,7.0,0.0
32424,0.0,2.0,0.0,0.0,0.0,0.0,107.0,0.0
32425,0.0,2.0,0.0,0.0,0.0,0.0,450.0,0.0
32426,1.0,1.0,0.0,0.0,0.0,0.0,37.0,0.0
32427,0.0,0.0,0.0,0.0,0.0,0.0,41.0,0.0
32428,0.0,1.0,0.0,0.0,0.0,0.0,202.0,0.0
32430,0.0,1.0,0.0,0.0,0.0,0.0,15.0,0.0
32431,0.0,0.0,0.0,0.0,0.0,0.0,44.0,0.0
32432,0.0,0.0,0.0,0.0,0.0,0.0,6.0,0.0
32433,0.0,9.0,0.0,0.0,0.0,0.0,852.0,0.0
32434,0.0,0.0,0.0,0.0,0.0,0.0,5.0,0.0
32435,0.0,1.0,0.0,0.0,0.0,0.0,336.0,0.0
32436,0.0,1.0,0.0,0.0,0.0,0.0,0.0,0.0
32437,0.0,0.0,0.0,0.0,0.0,0.0,16.0,0.0
32438,0.0,3.0,0.0,0.0,0.0,0.0,51.0,0.0
32439,0.0,3.0,0.0,0.0,0.0,0.0,353.0,0.0
32440,0.0,0.0,0.0,0.0,0.0,0.0,67.0,0.0
32441,0.0,0.0,1.0,0.0,0.0,0.0,0.0,0.0
32442,0.0,1.0,0.0,0.0,0.0,0.0,21.0,0.0
32443,0.0,0.0,0.0,0.0,0.0,0.0,40.0,0.0
32444,1.0,2.0,0.0,0.0,0.0,0.0,168.0,0.0
32445,0.0,1.0,0.0,0.0,0.0,0.0,9.0,0.0
32446,0.0,2.0,0.0,0.0,0.0,0.0,203.0,0.0
32447,0.0,0.0,0.0,0.0,0.0,0.0,3.0,0.0
32448,0.0,2.0,0.0,1.0,0.0,0.0,148.0,0.0
32449,0.0,0.0,0.0,0.0,0.0,0.0,26.0,0.0
32452,0.0,0.0,0.0,0.0,0.0,0.0,4.0,0.0
32453,0.0,0.0,0.0,0.0,0.0,0.0,0.0,0.0
32454,0.0,0.0,0.0,0.0,0.0,0.0,1.0,0.0
32455,0.0,2.0,0.0,0.0,0.0,0.0,283.0,0.0
32456,0.0,1.0,0.0,0.0,0.0,0.0,196.0,0.0
32457,0.0,0.0,0.0,0.0,0.0,0.0,2.0,0.0
32458,0.0,0.0,0.0,0.0,0.0,0.0,1.0,0.0
32459,1.0,2.0,0.0,0.0,0.0,0.0,408.0,0.0
32460,0.0,0.0,0.0,0.0,0.0,0.0,21.0,0.0
32461,0.0,0.0,0.0,0.0,0.0,0.0,1.0,0.0
32462,0.0,2.0,0.0,0.0,0.0,0.0,127.0,0.0
32463,0.0,0.0,0.0,0.0,0.0,0.0,10.0,0.0
32464,0.0,0.0,0.0,0.0,0.0,0.0,283.0,0.0
32465,0.0,3.0,0.0,0.0,0.0,0.0,62.0,0.0
32466,1.0,3.0,0.0,0.0,1.0,0.0,65.0,1.0
32468,0.0,1.0,0.0,0.0,0.0,0.0,0.0,0.0
32471,0.0,0.0,0.0,0.0,0.0,0.0,1.0,0.0
32479,0.0,0.0,0.0,0.0,0.0,0.0,1.0,0.0
32487,0.0,1.0,0.0,0.0,0.0,0.0,0.0,0.0
32490,0.0,1.0,0.0,0.0,0.0,0.0,0.0,0.0
32491,0.0,1.0,0.0,0.0,0.0,0.0,0.0,0.0
32501,0.0,4.0,0.0,0.0,0.0,0.0,4499.0,0.0
32502,1.0,0.0,0.0,0.0,0.0,0.0,530.0,0.0
32503,1.0,7.0,0.0,1.0,0.0,0.0,8249.0,0.0
32504,0.0,2.0,0.0,0.0,0.0,0.0,5498.0,0.0
32505,3.0,9.0,0.0,0.0,0.0,0.0,8889.0,0.0
32506,2.0,6.0,0.0,0.0,0.0,0.0,9194.0,0.0
32507,0.0,7.0,0.0,1.0,1.0,0.0,10280.0,1.0
32508,1.0,0.0,0.0,0.0,0.0,0.0,169.0,0.0
32509,0.0,0.0,0.0,0.0,0.0,0.0,2.0,0.0
32510,0.0,0.0,0.0,0.0,0.0,0.0,1.0,0.0
32511,1.0,0.0,0.0,0.0,0.0,0.0,4.0,0.0
32512,0.0,0.0,0.0,0.0,0.0,0.0,6.0,0.0
32513,0.0,0.0,0.0,0.0,0.0,0.0,8.0,0.0
32514,0.0,2.0,0.0,1.0,0.0,0.0,8273.0,0.0
32516,0.0,0.0,0.0,0.0,0.0,0.0,14.0,0.0
32517,0.0,0.0,0.0,0.0,0.0,0.0,1.0,0.0
32519,0.0,0.0,0.0,0.0,0.0,0.0,1.0,0.0
32520,0.0,0.0,0.0,0.0,0.0,0.0,2.0,0.0
32521,0.0,0.0,0.0,0.0,0.0,0.0,2.0,0.0
32522,0.0,0.0,0.0,0.0,0.0,0.0,5.0,0.0
32523,0.0,0.0,0.0,0.0,0.0,0.0,7.0,0.0
32524,0.0,0.0,0.0,0.0,0.0,0.0,9.0,0.0
32526,1.0,6.0,0.0,0.0,0.0,0.0,8792.0,0.0
32530,0.0,0.0,0.0,0.0,0.0,0.0,145.0,0.0
32531,0.0,2.0,0.0,0.0,0.0,0.0,666.0,0.0
32532,0.0,0.0,0.0,0.0,0.0,0.0,0.0,0.0
32533,3.0,1.0,0.0,0.0,0.0,0.0,6526.0,0.0
32534,2.0,4.0,0.0,0.0,0.0,0.0,3650.0,0.0
32535,0.0,0.0,0.0,0.0,0.0,0.0,1639.0,0.0
32536,0.0,23.0,0.0,1.0,0.0,0.0,1327.0,0.0
32537,0.0,0.0,0.0,0.0,0.0,0.0,10.0,0.0
32538,0.0,0.0,0.0,0.0,0.0,0.0,41.0,0.0
32539,0.0,18.0,0.0,0.0,0.0,0.0,1885.0,0.0
32540,0.0,0.0,0.0,0.0,0.0,0.0,17.0,0.0
32541,1.0,0.0,0.0,0.0,0.0,0.0,1106.0,0.0
32542,0.0,0.0,0.0,0.0,0.0,0.0,69.0,0.0
32544,0.0,0.0,0.0,0.0,0.0,0.0,8.0,0.0
32546,0.0,0.0,0.0,1.0,0.0,0.0,0.0,0.0
32547,1.0,3.0,0.0,0.0,0.0,0.0,2745.0,0.0
32548,0.0,3.0,1.0,1.0,0.0,0.0,2701.0,0.0
32549,0.0,0.0,0.0,0.0,0.0,0.0,17.0,0.0
32550,0.0,0.0,0.0,0.0,0.0,0.0,270.0,0.0
32551,0.0,0.0,0.0,0.0,0.0,1.0,0.0,0.0
32560,0.0,0.0,0.0,0.0,0.0,0.0,26.0,0.0
32561,1.0,1.0,0.0,2.0,0.0,0.0,3557.0,0.0
32562,0.0,0.0,0.0,0.0,0.0,0.0,5.0,0.0
32563,0.0,0.0,0.0,1.0,0.0,0.0,5949.0,0.0
32564,0.0,1.0,0.0,0.0,0.0,0.0,475.0,0.0
32565,0.0,2.0,0.0,1.0,0.0,0.0,1484.0,0.0
32566,0.0,4.0,0.0,2.0,1.0,0.0,6133.0,1.0
32567,1.0,1.0,0.0,0.0,0.0,0.0,424.0,0.0
32568,0.0,0.0,0.0,0.0,0.0,0.0,936.0,0.0
32569,0.0,3.0,0.0,0.0,0.0,0.0,1803.0,0.0
32570,2.0,4.0,0.0,0.0,2.0,0.0,6032.0,2.0
32571,0.0,4.0,0.0,0.0,0.0,2.0,6321.0,0.0
32572,0.0,0.0,0.0,0.0,0.0,0.0,4.0,0.0
32573,0.0,0.0,0.0,0.0,0.0,0.0,2.0,0.0
32574,0.0,0.0,0.0,0.0,0.0,0.0,1.0,0.0
32575,0.0,0.0,0.0,0.0,0.0,0.0,1.0,0.0
32576,0.0,0.0,0.0,0.0,0.0,0.0,1.0,0.0
32577,0.0,1.0,0.0,0.0,0.0,0.0,1372.0,0.0
32578,3.0,4.0,0.0,0.0,0.0,0.0,1392.0,0.0
32579,0.0,1.0,0.0,1.0,0.0,0.0,852.0,0.0
32580,2.0,0.0,0.0,0.0,0.0,0.0,281.0,0.0
32581,0.0,0.0,0.0,0.0,0.0,0.0,1.0,0.0
32583,0.0,2.0,0.0,0.0,0.0,0.0,5926.0,0.0
32588,0.0,0.0,0.0,0.0,0.0,0.0,1.0,0.0
32589,0.0,0.0,0.0,0.0,0.0,0.0,1.0,0.0
32590,0.0,0.0,0.0,1.0,0.0,0.0,0.0,0.0
32591,0.0,0.0,0.0,0.0,0.0,0.0,4.0,0.0
32593,0.0,0.0,0.0,1.0,0.0,0.0,0.0,0.0
32596,0.0,0.0,0.0,0.0,0.0,0.0,0.0,0.0
32597,0.0,0.0,0.0,0.0,1.0,0.0,0.0,1.0
32598,0.0,0.0,0.0,0.0,0.0,0.0,2.0,0.0
32601,1164.0,2.0,0.0,250.0,158.0,0.0,0.0,158.0
32602,1.0,0.0,0.0,0.0,1.0,0.0,0.0,1.0
32603,83.0,0.0,0.0,30.0,5.0,0.0,0.0,5.0
32604,1.0,0.0,0.0,0.0,0.0,0.0,0.0,0.0
32605,1244.0,2.0,0.0,347.0,145.0,0.0,0.0,145.0
32606,837.0,2.0,0.0,324.0,116.0,0.0,0.0,116.0
32607,2587.0,6.0,0.0,267.0,117.0,0.0,0.0,117.0
32608,3196.0,4.0,0.0,394.0,184.0,0.0,0.0,184.0
32609,2894.0,2.0,0.0,555.0,335.0,0.0,0.0,335.0
32610,2.0,0.0,0.0,0.0,0.0,0.0,0.0,0.0
32611,4.0,0.0,0.0,0.0,0.0,0.0,0.0,0.0
32612,4.0,0.0,0.0,0.0,0.0,0.0,0.0,0.0
32614,1.0,0.0,0.0,0.0,1.0,0.0,0.0,1.0
32615,1266.0,3.0,0.0,397.0,267.0,0.0,0.0,267.0
32616,13.0,0.0,0.0,34.0,30.0,0.0,0.0,30.0
32617,842.0,1.0,0.0,261.0,210.0,0.0,8.0,210.0
32618,1027.0,0.0,0.0,340.0,165.0,3.0,0.0,165.0
32619,376.0,1.0,0.0,142.0,146.0,0.0,2.0,146.0
32621,550.0,0.0,1.0,168.0,91.0,13.0,0.0,91.0
32622,203.0,0.0,0.0,71.0,52.0,0.0,0.0,52.0
32624,1.0,0.0,0.0,0.0,0.0,0.0,0.0,0.0
32625,67.0,0.0,0.0,143.0,44.0,18.0,0.0,44.0
32626,760.0,4.0,0.0,261.0,171.0,31.0,0.0,171.0
32627,0.0,0.0,0.0,1.0,0.0,0.0,0.0,0.0
32628,585.0,0.0,0.0,231.0,195.0,17.0,0.0,195.0
32629,2.0,0.0,0.0,0.0,0.0,1.0,0.0,0.0
32631,46.0,0.0,0.0,33.0,19.0,0.0,0.0,19.0
32633,10.0,0.0,0.0,12.0,13.0,0.0,1.0,13.0
32634,6.0,0.0,0.0,31.0,11.0,0.0,0.0,11.0
32635,1.0,0.0,0.0,0.0,0.0,0.0,0.0,0.0
32639,8.0,0.0,0.0,44.0,26.0,1.0,0.0,26.0
32640,1931.0,88.0,0.0,685.0,475.0,0.0,1.0,475.0
32641,3129.0,5.0,0.0,500.0,325.0,0.0,0.0,325.0
32642,0.0,0.0,0.0,0.0,0.0,0.0,0.0,0.0
32643,920.0,4.0,0.0,403.0,204.0,0.0,0.0,204.0
32644,2.0,0.0,0.0,8.0,14.0,2.0,0.0,14.0
32645,0.0,0.0,0.0,0.0,0.0,0.0,0.0,0.0
32648,30.0,0.0,0.0,30.0,32.0,13.0,0.0,32.0
32650,0.0,0.0,0.0,0.0,0.0,0.0,1.0,0.0
32653,925.0,2.0,0.0,210.0,157.0,1.0,0.0,157.0
32654,5.0,0.0,0.0,18.0,13.0,0.0,0.0,13.0
32655,2.0,0.0,0.0,25.0,13.0,0.0,0.0,13.0
32656,1199.0,4.0,0.0,552.0,318.0,0.0,19.0,318.0
32658,15.0,0.0,0.0,28.0,23.0,0.0,0.0,23.0
32662,1.0,0.0,0.0,16.0,15.0,0.0,0.0,15.0
32663,4.0,0.0,0.0,21.0,8.0,0.0,0.0,8.0
32664,98.0,0.0,0.0,55.0,57.0,0.0,2.0,57.0
32666,835.0,68.0,0.0,314.0,200.0,0.0,0.0,200.0
32667,663.0,2.0,0.0,273.0,165.0,0.0,1.0,165.0
32668,609.0,0.0,0.0,229.0,145.0,13.0,0.0,145.0
32669,823.0,3.0,0.0,260.0,145.0,0.0,0.0,145.0
32680,1250.0,2.0,0.0,535.0,469.0,48.0,0.0,469.0
32681,52.0,0.0,0.0,68.0,51.0,0.0,3.0,51.0
32682,0.0,0.0,0.0,1.0,0.0,0.0,0.0,0.0
32683,10.0,0.0,0.0,17.0,6.0,4.0,1.0,6.0
32684,0.0,0.0,0.0,0.0,1.0,0.0,0.0,1.0
32686,1129.0,1.0,0.0,379.0,349.0,0.0,23.0,349.0
32690,1.0,0.0,0.0,0.0,0.0,0.0,0.0,0.0
32691,1.0,0.0,0.0,0.0,0.0,0.0,0.0,0.0
32692,9.0,0.0,0.0,21.0,13.0,3.0,0.0,13.0
32693,1183.0,0.0,0.0,583.0,285.0,3.0,1.0,285.0
32694,308.0,0.0,0.0,101.0,73.0,0.0,0.0,73.0
32696,1869.0,2.0,0.0,469.0,289.0,29.0,2.0,289.0
32697,12.0,0.0,0.0,26.0,17.0,0.0,0.0,17.0
32701,4669.0,2201.0,0.0,510.0,404.0,561.0,13.0,404.0
32702,450.0,103.0,0.0,218.0,120.0,20.0,1.0,120.0
32703,8606.0,4106.0,0.0,1377.0,1930.0,831.0,63.0,1930.0
32704,1.0,5.0,0.0,1.0,1.0,1.0,0.0,1.0
32706,12.0,3.0,0.0,18.0,10.0,20.0,0.0,10.0
32707,5424.0,2573.0,0.0,934.0,644.0,1705.0,24.0,644.0
32708,5393.0,2801.0,0.0,1078.0,631.0,2355.0,18.0,631.0
32709,428.0,166.0,0.0,218.0,118.0,319.0,3.0,118.0
32710,2.0,0.0,0.0,0.0,2.0,0.0,0.0,2.0
32711,0.0,1.0,0.0,0.0,0.0,0.0,0.0,0.0
32712,5567.0,2388.0,0.0,1020.0,1048.0,363.0,31.0,1048.0
32713,2866.0,1198.0,0.0,1311.0,590.0,718.0,17.0,590.0
32714,7424.0,3279.0,0.0,627.0,682.0,660.0,18.0,682.0
32715,2.0,0.0,0.0,0.0,0.0,0.0,0.0,0.0
32716,2.0,2.0,0.0,2.0,0.0,1.0,0.0,0.0
32717,1.0,4.0,0.0,0.0,0.0,0.0,0.0,0.0
32718,0.0,1.0,0.0,1.0,0.0,1.0,0.0,0.0
32720,5246.0,3021.0,1.0,2376.0,912.0,453.0,28.0,912.0
32721,2.0,2.0,0.0,10.0,6.0,1.0,1.0,6.0
32722,0.0,0.0,0.0,3.0,3.0,0.0,0.0,3.0
32723,0.0,2.0,0.0,2.0,1.0,0.0,0.0,1.0
32724,4846.0,2897.0,1.0,2213.0,685.0,505.0,24.0,685.0
32725,7835.0,5094.0,0.0,3272.0,1178.0,3175.0,48.0,1178.0
32726,3581.0,837.0,0.0,306.0,533.0,50.0,9.0,533.0
32727,7.0,5.0,0.0,2.0,1.0,0.0,0.0,1.0
32728,1.0,8.0,0.0,3.0,3.0,4.0,0.0,3.0
32729,1.0,0.0,0.0,0.0,0.0,0.0,0.0,0.0
32730,1022.0,408.0,0.0,149.0,122.0,239.0,5.0,122.0
32732,764.0,640.0,0.0,423.0,212.0,827.0,11.0,212.0
32733,0.0,1.0,0.0,1.0,0.0,1.0,0.0,0.0
32735,411.0,84.0,0.0,67.0,80.0,8.0,1.0,80.0
32736,1379.0,285.0,0.0,397.0,309.0,71.0,8.0,309.0
32737,0.0,1.0,0.0,0.0,0.0,0.0,0.0,0.0
32738,6655.0,5447.0,0.0,3374.0,1005.0,4563.0,44.0,1005.0
32739,3.0,1.0,0.0,1.0,0.0,0.0,0.0,0.0
32741,0.0,1.0,0.0,1.0,0.0,0.0,0.0,0.0
32743,1.0,0.0,0.0,0.0,0.0,0.0,0.0,0.0
32744,577.0,393.0,0.0,270.0,110.0,243.0,5.0,110.0
32746,3132.0,1680.0,0.0,692.0,484.0,672.0,7.0,484.0
32747,11.0,2.0,0.0,48.0,31.0,28.0,1.0,31.0
32748,0.0,0.0,0.0,0.0,0.0,1.0,0.0,0.0
32750,3397.0,1428.0,0.0,746.0,515.0,963.0,10.0,515.0
32751,2416.0,979.0,0.0,456.0,355.0,786.0,12.0,355.0
32752,2.0,1.0,0.0,0.0,1.0,0.0,0.0,1.0
32753,0.0,0.0,0.0,0.0,1.0,0.0,0.0,1.0
32754,1496.0,762.0,51.0,1406.0,608.0,556.0,19.0,608.0
32755,0.0,1.0,0.0,0.0,0.0,0.0,0.0,0.0
32756,1.0,0.0,0.0,2.0,5.0,1.0,0.0,5.0
32757,3512.0,892.0,0.0,418.0,482.0,65.0,13.0,482.0
32758,0.0,0.0,0.0,1.0,0.0,0.0,0.0,0.0
32759,413.0,334.0,0.0,485.0,135.0,253.0,7.0,135.0
32760,0.0,0.0,0.0,0.0,1.0,1.0,0.0,1.0
32761,1.0,0.0,0.0,0.0,0.0,0.0,0.0,0.0
32762,3.0,0.0,0.0,3.0,3.0,8.0,0.0,3.0
32763,3327.0,2172.0,0.0,1228.0,400.0,531.0,22.0,400.0
32764,453.0,433.0,0.0,314.0,113.0,558.0,10.0,113.0
32765,4482.0,4249.0,0.0,1194.0,681.0,4017.0,23.0,681.0
32766,1013.0,1914.0,0.0,486.0,248.0,984.0,4.0,248.0
32767,528.0,168.0,0.0,230.0,142.0,37.0,6.0,142.0
32768,29.0,2.0,0.0,47.0,82.0,17.0,2.0,82.0
32769,0.0,1.0,0.0,0.0,0.0,0.0,0.0,0.0
32771,8401.0,6123.0,0.0,1909.0,1400.0,2090.0,75.0,1400.0
32772,8.0,2.0,0.0,6.0,7.0,3.0,0.0,7.0
32773,5146.0,3295.0,0.0,1025.0,663.0,1331.0,20.0,663.0
32774,0.0,1.0,0.0,2.0,1.0,2.0,0.0,1.0
32775,4.0,0.0,2.0,90.0,24.0,36.0,0.0,24.0
32776,1567.0,397.0,0.0,356.0,288.0,83.0,6.0,288.0
32777,31.0,7.0,0.0,16.0,27.0,7.0,0.0,27.0
32778,2380.0,658.0,0.0,242.0,352.0,33.0,4.0,352.0
32779,2340.0,867.0,0.0,509.0,473.0,355.0,14.0,473.0
32780,4755.0,1357.0,60.0,2694.0,1192.0,571.0,41.0,1192.0
32781,2.0,0.0,0.0,3.0,1.0,0.0,0.0,1.0
32782,1.0,0.0,0.0,1.0,0.0,0.0,0.0,0.0
32783,0.0,1.0,0.0,0.0,0.0,0.0,0.0,0.0
32784,1889.0,191.0,0.0,451.0,416.0,49.0,12.0,416.0
32786,1.0,1.0,0.0,1.0,1.0,0.0,0.0,1.0
32788,0.0,0.0,0.0,1.0,0.0,0.0,0.0,0.0
32789,1846.0,978.0,1.0,456.0,402.0,1165.0,14.0,402.0
32790,0.0,5.0,0.0,0.0,0.0,4.0,0.0,0.0
32791,1.0,0.0,0.0,1.0,0.0,0.0,0.0,0.0
32792,6091.0,3150.0,0.0,1024.0,679.0,3330.0,22.0,679.0
32793,0.0,3.0,0.0,0.0,1.0,1.0,0.0,1.0
32794,0.0,0.0,0.0,0.0,0.0,2.0,0.0,0.0
32795,1.0,3.0,0.0,0.0,0.0,0.0,0.0,0.0
32796,2453.0,854.0,33.0,2054.0,859.0,521.0,28.0,859.0
32797,0.0,1.0,0.0,0.0,0.0,0.0,0.0,0.0
32798,524.0,99.0,0.0,130.0,157.0,32.0,3.0,157.0
32799,0.0,0.0,0.0,1.0,0.0,0.0,0.0,0.0
32800,1.0,0.0,0.0,0.0,0.0,0.0,0.0,0.0
32801,919.0,915.0,1.0,117.0,103.0,268.0,3.0,103.0
32802,3.0,1.0,0.0,1.0,1.0,2.0,0.0,1.0
32803,1494.0,867.0,0.0,359.0,259.0,1173.0,5.0,259.0
32804,1536.0,998.0,0.0,391.0,345.0,880.0,8.0,345.0
32805,6194.0,4050.0,0.0,1347.0,1613.0,1911.0,72.0,1613.0
32806,2382.0,1300.0,0.0,522.0,380.0,1912.0,10.0,380.0
32807,5634.0,3276.0,1.0,885.0,594.0,3166.0,8.0,594.0
32808,12850.0,7671.0,0.0,1951.0,2574.0,2078.0,94.0,2574.0
32809,4487.0,2910.0,0.0,681.0,622.0,2049.0,21.0,622.0
32810,6968.0,3977.0,0.0,990.0,1078.0,1009.0,35.0,1078.0
32811,7666.0,5569.0,0.0,1212.0,1599.0,1322.0,65.0,1599.0
32812,3822.0,2430.0,2.0,809.0,653.0,2885.0,22.0,653.0
32813,0.0,0.0,0.0,1.0,1.0,0.0,0.0,1.0
32814,133.0,121.0,0.0,4.0,3.0,7.0,0.0,3.0
32815,2.0,2.0,0.0,0.0,1.0,0.0,0.0,1.0
32816,15.0,6.0,0.0,8.0,6.0,7.0,0.0,6.0
32817,4178.0,2558.0,0.0,824.0,481.0,3044.0,9.0,481.0
32818,10444.0,5664.0,0.0,1269.0,2015.0,1006.0,54.0,2015.0
32819,2266.0,1535.0,0.0,430.0,573.0,802.0,11.0,573.0
32820,1299.0,452.0,0.0,262.0,122.0,499.0,5.0,122.0
32821,1298.0,1332.0,0.0,151.0,149.0,404.0,3.0,149.0
32822,10410.0,7445.0,0.0,1503.0,984.0,5189.0,20.0,984.0
32824,4850.0,4703.0,0.0,880.0,585.0,2730.0,15.0,585.0
32825,7359.0,4515.0,0.0,1331.0,867.0,4750.0,17.0,867.0
32826,3333.0,1763.0,1.0,571.0,353.0,1688.0,8.0,353.0
32827,582.0,488.0,0.0,65.0,59.0,259.0,1.0,59.0
32828,4581.0,2903.0,0.0,536.0,391.0,1500.0,13.0,391.0
32829,2107.0,1425.0,0.0,194.0,148.0,749.0,4.0,148.0
32830,7.0,7.0,0.0,9.0,5.0,11.0,0.0,5.0
32831,27.0,24.0,0.0,7.0,7.0,19.0,0.0,7.0
32832,1712.0,1233.0,0.0,106.0,94.0,251.0,2.0,94.0
32833,1401.0,656.0,0.0,329.0,221.0,605.0,7.0,221.0
32834,1.0,1.0,0.0,1.0,0.0,1.0,0.0,0.0
32835,4587.0,2853.0,0.0,571.0,750.0,646.0,17.0,750.0
32836,719.0,627.0,0.0,97.0,156.0,231.0,6.0,156.0
32837,4185.0,3408.0,0.0,1060.0,814.0,3206.0,9.0,814.0
32838,2.0,0.0,0.0,0.0,0.0,0.0,0.0,0.0
32839,9872.0,6724.0,0.0,867.0,984.0,1898.0,24.0,984.0
32844,1.0,0.0,0.0,0.0,0.0,0.0,0.0,0.0
32846,0.0,0.0,0.0,1.0,0.0,0.0,0.0,0.0
32852,0.0,1.0,0.0,0.0,2.0,0.0,0.0,2.0
32853,0.0,1.0,0.0,0.0,1.0,1.0,0.0,1.0
32854,0.0,0.0,0.0,1.0,0.0,4.0,0.0,0.0
32855,1.0,2.0,0.0,1.0,0.0,0.0,0.0,0.0
32856,0.0,1.0,0.0,0.0,0.0,1.0,0.0,0.0
32857,0.0,1.0,0.0,0.0,0.0,0.0,0.0,0.0
32858,1.0,3.0,0.0,0.0,0.0,0.0,0.0,0.0
32859,1.0,1.0,0.0,0.0,0.0,0.0,0.0,0.0
32860,0.0,1.0,0.0,0.0,0.0,1.0,0.0,0.0
32861,5.0,5.0,0.0,0.0,0.0,2.0,0.0,0.0
32862,0.0,0.0,0.0,1.0,0.0,1.0,0.0,0.0
32867,0.0,2.0,0.0,1.0,0.0,1.0,0.0,0.0
32868,2.0,5.0,0.0,1.0,0.0,0.0,0.0,0.0
32869,0.0,2.0,0.0,0.0,0.0,1.0,0.0,0.0
32870,0.0,0.0,0.0,0.0,0.0,0.0,0.0,0.0
32872,1.0,0.0,0.0,0.0,1.0,0.0,0.0,1.0
32878,0.0,2.0,0.0,1.0,0.0,0.0,1.0,0.0
32880,0.0,0.0,0.0,0.0,0.0,1.0,0.0,0.0
32882,0.0,1.0,0.0,0.0,0.0,1.0,0.0,0.0
32885,0.0,0.0,0.0,0.0,0.0,1.0,0.0,0.0
32887,0.0,0.0,0.0,0.0,0.0,1.0,0.0,0.0
32890,0.0,0.0,0.0,0.0,1.0,0.0,0.0,1.0
32891,1.0,0.0,0.0,1.0,1.0,1.0,0.0,1.0
32893,1.0,1.0,0.0,1.0,1.0,2.0,0.0,1.0
32895,1.0,0.0,0.0,1.0,0.0,0.0,0.0,0.0
32896,1.0,0.0,0.0,0.0,0.0,0.0,0.0,0.0
32897,1.0,1.0,0.0,1.0,1.0,1.0,0.0,1.0
32898,1.0,0.0,0.0,2.0,1.0,0.0,0.0,1.0
32899,0.0,0.0,0.0,1.0,0.0,0.0,0.0,0.0
32901,3197.0,838.0,63.0,2493.0,2005.0,47.0,43.0,2005.0
32902,2.0,0.0,0.0,3.0,2.0,0.0,0.0,2.0
32903,998.0,124.0,15.0,1675.0,1058.0,18.0,11.0,1058.0
32904,2196.0,491.0,46.0,2005.0,1670.0,44.0,26.0,1670.0
32905,3149.0,781.0,115.0,3263.0,3002.0,45.0,53.0,3002.0
32906,1.0,0.0,0.0,4.0,7.0,0.0,0.0,7.0
32907,5494.0,1161.0,40.0,5407.0,4440.0,72.0,46.0,4440.0
32908,1555.0,381.0,14.0,913.0,835.0,12.0,9.0,835.0
32909,4454.0,923.0,40.0,3396.0,3162.0,57.0,35.0,3162.0
32910,2.0,0.0,0.0,5.0,0.0,0.0,1.0,0.0
32911,0.0,0.0,0.0,3.0,2.0,0.0,0.0,2.0
32912,1.0,0.0,0.0,3.0,0.0,0.0,0.0,0.0
32915,0.0,0.0,0.0,1.0,0.0,0.0,0.0,0.0
32917,1.0,0.0,0.0,0.0,0.0,0.0,0.0,0.0
32919,1.0,0.0,0.0,0.0,0.0,0.0,0.0,0.0
32920,1379.0,197.0,14.0,943.0,434.0,49.0,15.0,434.0
32922,3525.0,1090.0,302.0,1739.0,1174.0,174.0,35.0,1174.0
32923,2.0,1.0,1.0,5.0,3.0,0.0,0.0,3.0
32924,4.0,0.0,1.0,1.0,5.0,0.0,0.0,5.0
32925,45.0,7.0,0.0,16.0,7.0,2.0,2.0,7.0
32926,3408.0,821.0,390.0,1911.0,1311.0,227.0,38.0,1311.0
32927,3041.0,666.0,80.0,2129.0,1040.0,279.0,34.0,1040.0
32929,1.0,2.0,0.0,0.0,0.0,0.0,0.0,0.0
32931,1646.0,182.0,15.0,1508.0,746.0,55.0,18.0,746.0
32932,2.0,0.0,0.0,4.0,1.0,1.0,0.0,1.0
32934,1400.0,254.0,27.0,1368.0,904.0,38.0,14.0,904.0
32935,4551.0,924.0,86.0,4349.0,3042.0,92.0,59.0,3042.0
32936,3.0,0.0,0.0,2.0,3.0,0.0,0.0,3.0
32937,2410.0,261.0,28.0,3589.0,2180.0,55.0,31.0,2180.0
32938,0.0,1.0,0.0,0.0,0.0,0.0,0.0,0.0
32939,1.0,0.0,0.0,1.0,0.0,0.0,0.0,0.0
32940,1704.0,335.0,16.0,1064.0,760.0,30.0,11.0,760.0
32941,0.0,1.0,0.0,1.0,0.0,0.0,0.0,0.0
32945,0.0,0.0,0.0,0.0,0.0,0.0,0.0,0.0
32948,501.0,1.0,40.0,564.0,909.0,9.0,6.0,909.0
32949,138.0,28.0,3.0,328.0,334.0,2.0,2.0,334.0
32950,362.0,66.0,9.0,596.0,579.0,8.0,11.0,579.0
32951,615.0,74.0,36.0,1806.0,1605.0,14.0,20.0,1605.0
32952,2285.0,322.0,39.0,2005.0,1055.0,112.0,16.0,1055.0
32953,2968.0,593.0,72.0,1947.0,1063.0,125.0,25.0,1063.0
32954,1.0,2.0,0.0,2.0,1.0,0.0,0.0,1.0
32955,3930.0,794.0,46.0,2031.0,1199.0,130.0,31.0,1199.0
32956,1.0,0.0,1.0,0.0,2.0,0.0,0.0,2.0
32957,2.0,0.0,1.0,106.0,135.0,0.0,1.0,135.0
32958,1857.0,5.0,153.0,4558.0,5256.0,32.0,58.0,5256.0
32959,2.0,0.0,1.0,9.0,9.0,1.0,0.0,9.0
32960,1731.0,3.0,143.0,4228.0,3859.0,24.0,34.0,3859.0
32961,0.0,0.0,0.0,19.0,17.0,0.0,1.0,17.0
32962,2443.0,4.0,245.0,4571.0,3849.0,22.0,42.0,3849.0
32963,392.0,1.0,24.0,2034.0,2117.0,12.0,7.0,2117.0
32964,0.0,0.0,0.0,2.0,5.0,0.0,0.0,5.0
32965,2.0,0.0,0.0,3.0,3.0,0.0,0.0,3.0
32966,1085.0,5.0,91.0,2377.0,2372.0,13.0,17.0,2372.0
32967,2435.0,5.0,180.0,2703.0,2885.0,15.0,48.0,2885.0
32968,779.0,0.0,112.0,1873.0,1533.0,7.0,10.0,1533.0
32969,1.0,0.0,1.0,3.0,4.0,0.0,0.0,4.0
32970,22.0,0.0,7.0,187.0,262.0,0.0,3.0,262.0
32971,0.0,1.0,0.0,13.0,24.0,1.0,1.0,24.0
32975,0.0,0.0,0.0,0.0,0.0,0.0,0.0,0.0
32976,753.0,171.0,89.0,2472.0,3620.0,14.0,20.0,3620.0
32978,0.0,0.0,0.0,5.0,7.0,0.0,0.0,7.0
32981,1.0,0.0,0.0,0.0,0.0,0.0,0.0,0.0
32993,0.0,0.0,0.0,0.0,1.0,0.0,0.0,1.0
32995,1.0,0.0,0.0,0.0,0.0,0.0,0.0,0.0
33000,0.0,1.0,0.0,0.0,0.0,0.0,0.0,0.0
33001,318.0,4.0,58.0,1.0,0.0,2.0,0.0,0.0
33002,1.0,0.0,0.0,0.0,0.0,0.0,0.0,0.0
33004,3597.0,2.0,2138.0,202.0,0.0,0.0,0.0,0.0
33005,1.0,0.0,0.0,0.0,0.0,0.0,0.0,0.0
33006,0.0,0.0,1.0,0.0,0.0,0.0,0.0,0.0
33008,4.0,0.0,0.0,0.0,0.0,0.0,0.0,0.0
33009,7755.0,7.0,3449.0,313.0,0.0,0.0,0.0,0.0
33010,12804.0,1.0,3145.0,67.0,0.0,0.0,0.0,0.0
33012,17884.0,4.0,5981.0,96.0,0.0,0.0,0.0,0.0
33013,9639.0,3.0,3066.0,34.0,0.0,0.0,0.0,0.0
33014,8379.0,4.0,2630.0,56.0,0.0,0.0,0.0,0.0
33015,12194.0,7.0,4454.0,152.0,0.0,0.0,0.0,0.0
33016,9358.0,8.0,2662.0,46.0,0.0,0.0,0.0,0.0
33017,3.0,0.0,1.0,1.0,0.0,0.0,0.0,0.0
33018,10764.0,3.0,3515.0,73.0,0.0,0.0,0.0,0.0
33019,1779.0,3.0,1172.0,31.0,0.0,0.0,0.0,0.0
33020,11394.0,16.0,5136.0,406.0,0.0,0.0,0.0,0.0
33021,7581.0,12.0,5545.0,164.0,0.0,0.0,0.0,0.0
33022,8.0,0.0,10.0,0.0,0.0,0.0,0.0,0.0
33023,19408.0,24.0,10193.0,943.0,1.0,0.0,0.0,1.0
33024,13648.0,10.0,8576.0,347.0,0.0,0.0,0.0,0.0
33025,14897.0,15.0,5682.0,314.0,0.0,0.0,0.0,0.0
33026,3615.0,3.0,3095.0,66.0,0.0,0.0,1.0,0.0
33027,7901.0,3.0,3221.0,40.0,0.0,0.0,0.0,0.0
33028,2444.0,1.0,1512.0,28.0,0.0,0.0,0.0,0.0
33029,5299.0,10.0,4021.0,48.0,0.0,0.0,0.0,0.0
33030,8293.0,6.0,2388.0,496.0,0.0,0.0,0.0,0.0
33031,1315.0,1.0,652.0,8.0,0.0,0.0,0.0,0.0
33032,13476.0,9.0,2430.0,550.0,0.0,0.0,0.0,0.0
33033,15671.0,9.0,2774.0,347.0,0.0,0.0,0.0,0.0
33034,6089.0,7.0,1585.0,431.0,0.0,2.0,0.0,0.0
33035,3781.0,0.0,360.0,15.0,0.0,0.0,0.0,0.0
33036,1553.0,39.0,331.0,0.0,0.0,32.0,0.0,0.0
33037,5361.0,141.0,1067.0,0.0,0.0,55.0,0.0,0.0
33038,0.0,0.0,2.0,0.0,0.0,0.0,0.0,0.0
33039,44.0,0.0,1.0,0.0,0.0,0.0,0.0,0.0
33040,16549.0,1969.0,8601.0,1.0,0.0,102.0,0.0,0.0
33041,5.0,1.0,55.0,0.0,0.0,5.0,0.0,0.0
33042,4148.0,132.0,1667.0,0.0,0.0,15.0,0.0,0.0
33043,3080.0,76.0,1196.0,0.0,1.0,8.0,0.0,1.0
33044,0.0,0.0,3.0,0.0,0.0,2.0,0.0,0.0
33045,5.0,1.0,33.0,0.0,0.0,3.0,0.0,0.0
33048,1.0,0.0,0.0,0.0,0.0,0.0,0.0,0.0
33049,1.0,0.0,2.0,0.0,0.0,0.0,0.0,0.0
33050,5898.0,156.0,2332.0,1.0,0.0,27.0,0.0,0.0
33051,513.0,0.0,18.0,0.0,0.0,3.0,0.0,0.0
33052,1.0,0.0,8.0,0.0,0.0,0.0,0.0,0.0
33054,10765.0,8.0,4992.0,1863.0,0.0,1.0,0.0,0.0
33055,13387.0,5.0,6584.0,771.0,0.0,0.0,0.0,0.0
33056,11492.0,11.0,5430.0,1155.0,0.0,0.0,0.0,0.0
33057,2.0,0.0,1.0,0.0,0.0,0.0,0.0,0.0
33058,0.0,0.0,1.0,0.0,0.0,0.0,0.0,0.0
33059,0.0,0.0,0.0,1.0,0.0,0.0,0.0,0.0
33060,7595.0,3.0,4796.0,804.0,0.0,0.0,0.0,0.0
33061,1.0,0.0,6.0,0.0,0.0,0.0,0.0,0.0
33062,2588.0,2.0,3340.0,134.0,0.0,1.0,0.0,0.0
33063,8077.0,9.0,7924.0,360.0,0.0,0.0,0.0,0.0
33064,9541.0,5.0,7986.0,825.0,1.0,0.0,0.0,1.0
33065,8593.0,3.0,6332.0,390.0,1.0,0.0,0.0,1.0
33066,1252.0,2.0,1477.0,57.0,0.0,0.0,0.0,0.0
33067,2170.0,1.0,3362.0,193.0,1.0,0.0,0.0,1.0
33068,11694.0,8.0,7591.0,624.0,0.0,0.0,0.0,0.0
33069,4314.0,4.0,2499.0,463.0,0.0,0.0,0.0,0.0
33070,2188.0,50.0,405.0,0.0,0.0,27.0,0.0,0.0
33071,3581.0,3.0,4543.0,164.0,0.0,0.0,0.0,0.0
33072,2.0,0.0,2.0,0.0,0.0,0.0,0.0,0.0
33073,3236.0,2.0,3869.0,260.0,0.0,0.0,0.0,0.0
33074,0.0,0.0,3.0,0.0,0.0,0.0,0.0,0.0
33075,2.0,1.0,1.0,0.0,0.0,0.0,0.0,0.0
33076,1431.0,2.0,2501.0,54.0,1.0,0.0,0.0,1.0
33077,0.0,0.0,3.0,1.0,0.0,0.0,0.0,0.0
33078,1.0,0.0,0.0,1.0,0.0,0.0,0.0,0.0
33079,0.0,0.0,1.0,0.0,0.0,0.0,0.0,0.0
33082,2.0,0.0,3.0,1.0,0.0,0.0,0.0,0.0
33083,0.0,0.0,1.0,0.0,0.0,0.0,0.0,0.0
33084,0.0,0.0,1.0,0.0,0.0,0.0,0.0,0.0
33090,1.0,0.0,3.0,0.0,0.0,0.0,0.0,0.0
33091,0.0,0.0,0.0,0.0,0.0,1.0,0.0,0.0
33092,1.0,0.0,1.0,0.0,0.0,0.0,0.0,0.0
33093,1.0,0.0,0.0,0.0,0.0,0.0,0.0,0.0
33094,0.0,3.0,0.0,0.0,0.0,0.0,0.0,0.0
33097,0.0,0.0,0.0,1.0,0.0,0.0,0.0,0.0
33098,0.0,1.0,0.0,0.0,0.0,0.0,0.0,0.0
33101,2.0,0.0,2.0,2.0,0.0,0.0,0.0,0.0
33102,0.0,0.0,3.0,0.0,0.0,0.0,0.0,0.0
33103,0.0,0.0,0.0,0.0,0.0,1.0,0.0,0.0
33104,1.0,0.0,0.0,0.0,0.0,0.0,0.0,0.0
33105,0.0,0.0,1.0,0.0,0.0,0.0,0.0,0.0
33106,1.0,0.0,0.0,0.0,0.0,0.0,0.0,0.0
33107,1.0,0.0,13.0,4.0,0.0,0.0,0.0,0.0
33109,36.0,0.0,1.0,3.0,0.0,0.0,0.0,0.0
33110,1.0,0.0,1.0,0.0,0.0,0.0,0.0,0.0
33111,0.0,0.0,5.0,1.0,0.0,0.0,0.0,0.0
33112,0.0,0.0,3.0,1.0,0.0,0.0,0.0,0.0
33114,1.0,0.0,3.0,0.0,0.0,0.0,0.0,0.0
33115,1.0,0.0,0.0,0.0,0.0,0.0,0.0,0.0
33116,1.0,0.0,2.0,0.0,0.0,0.0,0.0,0.0
33117,0.0,1.0,0.0,0.0,0.0,0.0,0.0,0.0
33119,2.0,0.0,0.0,0.0,0.0,0.0,0.0,0.0
33121,0.0,0.0,1.0,1.0,0.0,0.0,0.0,0.0
33122,112.0,0.0,60.0,2.0,0.0,0.0,0.0,0.0
33124,7.0,0.0,4.0,0.0,0.0,0.0,0.0,0.0
33125,16717.0,3.0,2579.0,187.0,1.0,0.0,0.0,1.0
33126,12480.0,3.0,2013.0,49.0,0.0,0.0,0.0,0.0
33127,9211.0,7.0,3181.0,1113.0,0.0,0.0,0.0,0.0
33128,2223.0,0.0,181.0,38.0,0.0,0.0,0.0,0.0
33129,2266.0,3.0,466.0,12.0,0.0,0.0,0.0,0.0
33130,6257.0,3.0,501.0,39.0,0.0,0.0,0.0,0.0
33131,1320.0,2.0,93.0,7.0,0.0,0.0,0.0,0.0
33132,1224.0,4.0,136.0,14.0,0.0,0.0,0.0,0.0
33133,7264.0,2.0,1797.0,254.0,0.0,0.0,0.0,0.0
33134,6870.0,4.0,1835.0,39.0,0.0,0.0,0.0,0.0
33135,10647.0,3.0,1507.0,76.0,0.0,0.0,0.0,0.0
33136,4894.0,2.0,1114.0,952.0,0.0,0.0,0.0,0.0
33137,4356.0,5.0,984.0,166.0,0.0,0.0,0.0,0.0
33138,6843.0,2.0,2991.0,453.0,0.0,0.0,0.0,0.0
33139,5476.0,5.0,769.0,64.0,0.0,0.0,0.0,0.0
33140,2652.0,0.0,552.0,21.0,0.0,0.0,0.0,0.0
33141,8668.0,2.0,2009.0,101.0,0.0,0.0,0.0,0.0
33142,18199.0,9.0,5973.0,2341.0,3.0,0.0,0.0,3.0
33143,4659.0,0.0,1579.0,112.0,0.0,0.0,0.0,0.0
33144,6886.0,0.0,1993.0,50.0,0.0,0.0,0.0,0.0
33145,7490.0,4.0,1708.0,61.0,0.0,0.0,0.0,0.0
33146,978.0,1.0,411.0,3.0,0.0,0.0,0.0,0.0
33147,16722.0,10.0,7120.0,2191.0,0.0,0.0,0.0,0.0
33148,3.0,0.0,9.0,5.0,0.0,0.0,0.0,0.0
33149,655.0,1.0,108.0,9.0,0.0,0.0,0.0,0.0
33150,9884.0,6.0,4226.0,1414.0,0.0,0.0,0.0,0.0
33151,2.0,0.0,4.0,2.0,0.0,0.0,0.0,0.0
33152,1.0,0.0,3.0,0.0,0.0,0.0,0.0,0.0
33153,0.0,0.0,1.0,0.0,0.0,0.0,0.0,0.0
33154,1543.0,0.0,382.0,9.0,0.0,0.0,0.0,0.0
33155,10041.0,5.0,3813.0,50.0,0.0,0.0,0.0,0.0
33156,3934.0,3.0,1480.0,20.0,0.0,0.0,0.0,0.0
33157,16175.0,9.0,4640.0,800.0,0.0,0.0,1.0,0.0
33158,726.0,0.0,325.0,1.0,0.0,0.0,0.0,0.0
33159,3.0,0.0,2.0,0.0,0.0,0.0,0.0,0.0
33160,5011.0,8.0,1342.0,57.0,0.0,0.0,0.0,0.0
33161,15833.0,5.0,5716.0,917.0,0.0,0.0,0.0,0.0
33162,12737.0,8.0,5272.0,599.0,0.0,0.0,0.0,0.0
33163,4.0,0.0,3.0,0.0,0.0,0.0,0.0,0.0
33164,6.0,0.0,6.0,0.0,0.0,0.0,0.0,0.0
33165,13745.0,4.0,4318.0,55.0,0.0,0.0,0.0,0.0
33166,4643.0,2.0,1841.0,45.0,0.0,0.0,0.0,0.0
33167,6547.0,4.0,2740.0,587.0,0.0,0.0,0.0,0.0
33168,8080.0,4.0,3733.0,528.0,0.0,0.0,0.0,0.0
33169,13139.0,8.0,4957.0,844.0,0.0,0.0,0.0,0.0
33170,4052.0,0.0,1251.0,377.0,0.0,0.0,0.0,0.0
33171,1.0,0.0,0.0,0.0,0.0,0.0,0.0,0.0
33172,8449.0,5.0,1993.0,74.0,0.0,0.0,0.0,0.0
33173,5536.0,0.0,2002.0,24.0,0.0,0.0,0.0,0.0
33174,6673.0,3.0,1949.0,61.0,1.0,0.0,0.0,1.0
33175,11457.0,2.0,3875.0,69.0,0.0,0.0,0.0,0.0
33176,8894.0,7.0,2803.0,220.0,0.0,0.0,0.0,0.0
33177,13799.0,8.0,3434.0,263.0,0.0,0.0,0.0,0.0
33178,4563.0,2.0,877.0,15.0,0.0,0.0,0.0,0.0
33179,9679.0,8.0,3826.0,262.0,0.0,1.0,0.0,0.0
33180,2651.0,3.0,1140.0,25.0,0.0,0.0,0.0,0.0
33181,4708.0,3.0,1524.0,92.0,0.0,1.0,0.0,0.0
33182,2359.0,1.0,1117.0,11.0,0.0,0.0,0.0,0.0
33183,6098.0,3.0,1763.0,29.0,0.0,0.0,0.0,0.0
33184,4883.0,2.0,1701.0,56.0,0.0,0.0,0.0,0.0
33185,4320.0,2.0,1254.0,9.0,0.0,0.0,0.0,0.0
33186,11944.0,5.0,3398.0,71.0,0.0,0.0,0.0,0.0
33187,4206.0,1.0,1364.0,17.0,0.0,0.0,0.0,0.0
33188,5.0,0.0,3.0,0.0,0.0,0.0,0.0,0.0
33189,6622.0,1.0,1558.0,160.0,0.0,0.0,0.0,0.0
33190,4157.0,1.0,507.0,40.0,0.0,0.0,0.0,0.0
33192,1.0,0.0,1.0,0.0,0.0,0.0,0.0,0.0
33193,9083.0,1.0,2475.0,59.0,0.0,0.0,0.0,0.0
33194,1062.0,5.0,167.0,6.0,0.0,0.0,0.0,0.0
33195,0.0,0.0,2.0,0.0,0.0,0.0,0.0,0.0
33196,9342.0,1.0,1877.0,29.0,0.0,0.0,0.0,0.0
33197,2.0,0.0,2.0,0.0,0.0,0.0,0.0,0.0
33198,2.0,0.0,1.0,0.0,0.0,0.0,0.0,0.0
33199,6.0,0.0,1.0,0.0,0.0,0.0,0.0,0.0
33201,0.0,0.0,1.0,0.0,0.0,0.0,0.0,0.0
33203,0.0,0.0,0.0,1.0,0.0,0.0,0.0,0.0
33204,1.0,0.0,0.0,0.0,0.0,0.0,0.0,0.0
33205,0.0,1.0,0.0,0.0,0.0,0.0,0.0,0.0
33208,1.0,0.0,0.0,0.0,0.0,0.0,0.0,0.0
33209,0.0,0.0,0.0,0.0,0.0,0.0,0.0,0.0
33210,1.0,0.0,0.0,0.0,1.0,0.0,0.0,1.0
33218,1.0,0.0,0.0,0.0,0.0,0.0,0.0,0.0
33219,0.0,0.0,0.0,1.0,0.0,0.0,0.0,0.0
33221,2.0,0.0,0.0,0.0,0.0,0.0,0.0,0.0
33222,1.0,0.0,1.0,0.0,0.0,0.0,0.0,0.0
33224,1.0,0.0,1.0,0.0,0.0,0.0,0.0,0.0
33231,1.0,0.0,1.0,0.0,0.0,0.0,0.0,0.0
33233,1.0,0.0,2.0,0.0,0.0,0.0,0.0,0.0
33234,0.0,0.0,0.0,1.0,0.0,0.0,0.0,0.0
33238,0.0,0.0,1.0,0.0,0.0,0.0,0.0,0.0
33239,0.0,0.0,1.0,1.0,0.0,0.0,0.0,0.0
33242,6.0,0.0,0.0,0.0,0.0,0.0,0.0,0.0
33243,1.0,0.0,1.0,1.0,0.0,0.0,0.0,0.0
33246,0.0,0.0,1.0,0.0,0.0,0.0,0.0,0.0
33247,2.0,0.0,0.0,0.0,0.0,0.0,0.0,0.0
33250,0.0,1.0,0.0,0.0,0.0,0.0,0.0,0.0
33254,1.0,0.0,0.0,0.0,0.0,0.0,0.0,0.0
33255,1.0,0.0,1.0,0.0,0.0,0.0,0.0,0.0
33256,2.0,0.0,0.0,0.0,0.0,0.0,0.0,0.0
33257,3.0,0.0,1.0,0.0,0.0,0.0,0.0,0.0
33260,1.0,0.0,0.0,0.0,0.0,0.0,0.0,0.0
33261,3.0,2.0,2.0,1.0,0.0,0.0,0.0,0.0
33262,0.0,1.0,0.0,0.0,0.0,0.0,0.0,0.0
33265,2.0,0.0,1.0,1.0,0.0,0.0,0.0,0.0
33266,1.0,0.0,0.0,0.0,0.0,2.0,0.0,0.0
33268,1.0,0.0,0.0,0.0,0.0,0.0,0.0,0.0
33269,0.0,0.0,0.0,1.0,0.0,0.0,0.0,0.0
33272,1.0,0.0,0.0,0.0,0.0,0.0,0.0,0.0
33278,0.0,1.0,0.0,0.0,0.0,0.0,0.0,0.0
33280,0.0,0.0,0.0,1.0,0.0,0.0,0.0,0.0
33282,0.0,1.0,0.0,0.0,0.0,0.0,0.0,0.0
33283,1.0,1.0,1.0,0.0,0.0,0.0,0.0,0.0
33285,1.0,0.0,0.0,0.0,0.0,0.0,0.0,0.0
33299,0.0,0.0,0.0,1.0,0.0,0.0,0.0,0.0
33301,1249.0,2.0,943.0,31.0,0.0,0.0,0.0,0.0
33302,2.0,0.0,13.0,0.0,0.0,0.0,0.0,0.0
33303,2.0,0.0,5.0,1.0,0.0,0.0,0.0,0.0
33304,3522.0,5.0,2241.0,112.0,0.0,0.0,0.0,0.0
33305,1927.0,2.0,1621.0,82.0,0.0,0.0,0.0,0.0
33306,434.0,0.0,552.0,25.0,0.0,0.0,0.0,0.0
33307,2.0,0.0,5.0,0.0,0.0,0.0,0.0,0.0
33308,2586.0,2.0,2803.0,102.0,0.0,0.0,0.0,0.0
33309,7910.0,11.0,5587.0,513.0,0.0,0.0,0.0,0.0
33310,4.0,1.0,8.0,15.0,0.0,0.0,0.0,0.0
33311,21022.0,23.0,10283.0,2444.0,1.0,1.0,1.0,1.0
33312,10785.0,8.0,7641.0,634.0,0.0,0.0,0.0,0.0
33313,15451.0,17.0,8469.0,1146.0,0.0,0.0,1.0,0.0
33314,5650.0,7.0,3738.0,216.0,0.0,0.0,0.0,0.0
33315,2293.0,2.0,1660.0,88.0,0.0,0.0,0.0,0.0
33316,1188.0,2.0,1078.0,42.0,0.0,0.0,0.0,0.0
33317,6380.0,1.0,5428.0,253.0,0.0,0.0,0.0,0.0
33318,4.0,0.0,0.0,0.0,0.0,0.0,0.0,0.0
33319,9259.0,9.0,6198.0,359.0,0.0,0.0,0.0,0.0
33320,5.0,0.0,5.0,0.0,0.0,0.0,0.0,0.0
33321,7038.0,4.0,5855.0,213.0,0.0,0.0,0.0,0.0
33322,5359.0,5.0,5739.0,233.0,0.0,0.0,0.0,0.0
33323,2555.0,2.0,3163.0,164.0,0.0,0.0,0.0,0.0
33324,5464.0,13.0,4740.0,128.0,0.0,0.0,0.0,0.0
33325,4479.0,3.0,5036.0,241.0,0.0,0.0,0.0,0.0
33326,2525.0,0.0,2592.0,58.0,0.0,0.0,0.0,0.0
33327,849.0,0.0,860.0,9.0,0.0,0.0,0.0,0.0
33328,3016.0,5.0,3427.0,113.0,0.0,0.0,0.0,0.0
33329,1.0,0.0,8.0,0.0,0.0,0.0,0.0,0.0
33330,1085.0,4.0,1654.0,53.0,0.0,0.0,0.0,0.0
33331,1440.0,1.0,1936.0,29.0,0.0,0.0,0.0,0.0
33332,637.0,2.0,865.0,16.0,0.0,0.0,0.0,0.0
33333,1.0,0.0,0.0,0.0,0.0,0.0,0.0,0.0
33334,5286.0,0.0,4579.0,206.0,0.0,0.0,0.0,0.0
33335,1.0,0.0,2.0,0.0,0.0,0.0,0.0,0.0
33336,0.0,0.0,3.0,0.0,0.0,0.0,0.0,0.0
33337,1.0,0.0,1.0,0.0,0.0,0.0,0.0,0.0
33339,0.0,0.0,3.0,0.0,0.0,0.0,0.0,0.0
33340,1.0,0.0,3.0,1.0,0.0,0.0,0.0,0.0
33341,0.0,0.0,0.0,1.0,0.0,0.0,0.0,0.0
33342,0.0,0.0,1.0,0.0,0.0,0.0,0.0,0.0
33343,0.0,1.0,0.0,0.0,0.0,0.0,0.0,0.0
33344,4.0,0.0,1.0,0.0,0.0,0.0,0.0,0.0
33345,1.0,0.0,6.0,0.0,0.0,0.0,0.0,0.0
33346,0.0,0.0,1.0,0.0,1.0,0.0,0.0,1.0
33348,1.0,0.0,0.0,0.0,0.0,0.0,0.0,0.0
33349,1.0,0.0,1.0,0.0,0.0,0.0,0.0,0.0
33351,6453.0,7.0,4550.0,265.0,0.0,0.0,0.0,0.0
33355,0.0,0.0,1.0,0.0,0.0,0.0,0.0,0.0
33359,0.0,0.0,2.0,0.0,0.0,0.0,0.0,0.0
33360,1.0,1.0,0.0,0.0,0.0,0.0,0.0,0.0
33361,1.0,0.0,0.0,0.0,0.0,0.0,0.0,0.0
33364,0.0,0.0,1.0,0.0,0.0,0.0,0.0,0.0
33366,1.0,0.0,0.0,0.0,0.0,0.0,0.0,0.0
33367,1.0,0.0,0.0,0.0,0.0,0.0,0.0,0.0
33368,0.0,0.0,1.0,0.0,0.0,0.0,0.0,0.0
33369,1.0,0.0,1.0,0.0,0.0,0.0,0.0,0.0
33371,0.0,1.0,0.0,0.0,0.0,0.0,0.0,0.0
33376,1.0,0.0,0.0,0.0,0.0,0.0,0.0,0.0
33380,0.0,1.0,0.0,0.0,0.0,0.0,0.0,0.0
33381,1.0,0.0,0.0,1.0,0.0,1.0,0.0,0.0
33384,1.0,0.0,0.0,0.0,0.0,0.0,0.0,0.0
33388,0.0,0.0,1.0,0.0,0.0,0.0,0.0,0.0
33391,0.0,1.0,0.0,0.0,0.0,0.0,0.0,0.0
33393,0.0,2.0,0.0,0.0,0.0,0.0,0.0,0.0
33394,0.0,0.0,9.0,0.0,0.0,0.0,0.0,0.0
33397,0.0,1.0,0.0,0.0,0.0,0.0,0.0,0.0
33401,4911.0,1489.0,1634.0,2306.0,1762.0,1.0,54.0,1762.0
33402,3.0,3.0,8.0,7.0,6.0,0.0,0.0,6.0
33403,2372.0,669.0,967.0,1911.0,1372.0,1.0,33.0,1372.0
33404,7511.0,2522.0,3130.0,5131.0,4344.0,0.0,126.0,4344.0
33405,2798.0,562.0,1436.0,1965.0,1034.0,1.0,19.0,1034.0
33406,4483.0,972.0,1957.0,2532.0,1311.0,0.0,27.0,1311.0
33407,6844.0,1579.0,2814.0,4054.0,3232.0,0.0,93.0,3232.0
33408,797.0,191.0,677.0,1479.0,1082.0,0.0,12.0,1082.0
33409,5295.0,865.0,1960.0,2337.0,1745.0,0.0,28.0,1745.0
33410,2336.0,428.0,1460.0,2866.0,2114.0,0.0,24.0,2114.0
33411,6773.0,2746.0,4060.0,4640.0,2700.0,0.0,47.0,2700.0
33412,1118.0,705.0,750.0,883.0,576.0,0.0,8.0,576.0
33413,2530.0,1122.0,801.0,961.0,503.0,0.0,10.0,503.0
33414,3835.0,870.0,3925.0,3262.0,1913.0,0.0,37.0,1913.0
33415,7481.0,1048.0,3718.0,4189.0,2659.0,0.0,47.0,2659.0
33416,6.0,2.0,12.0,9.0,4.0,0.0,1.0,4.0
33417,5432.0,1363.0,2142.0,3030.0,2109.0,0.0,50.0,2109.0
33418,1496.0,430.0,903.0,1888.0,1471.0,0.0,20.0,1471.0
33419,0.0,3.0,2.0,6.0,2.0,0.0,0.0,2.0
33420,0.0,2.0,3.0,0.0,1.0,0.0,0.0,1.0
33421,2.0,0.0,2.0,2.0,1.0,0.0,0.0,1.0
33422,2.0,0.0,3.0,1.0,1.0,0.0,0.0,1.0
33423,1.0,0.0,0.0,0.0,0.0,0.0,0.0,0.0
33424,0.0,0.0,2.0,2.0,0.0,0.0,0.0,0.0
33425,4.0,0.0,2.0,3.0,4.0,0.0,0.0,4.0
33426,2798.0,401.0,1613.0,825.0,457.0,0.0,9.0,457.0
33427,2.0,1.0,2.0,0.0,2.0,0.0,0.0,2.0
33428,3696.0,368.0,5102.0,884.0,323.0,0.0,9.0,323.0
33429,0.0,0.0,0.0,1.0,0.0,0.0,0.0,0.0
33430,5789.0,1668.0,4856.0,2854.0,3124.0,0.0,172.0,3124.0
33431,1243.0,144.0,1530.0,506.0,179.0,0.0,7.0,179.0
33432,1530.0,199.0,1611.0,386.0,135.0,0.0,7.0,135.0
33433,2764.0,326.0,3836.0,556.0,231.0,0.0,9.0,231.0
33434,1298.0,138.0,2207.0,395.0,160.0,0.0,9.0,160.0
33435,6364.0,1109.0,3516.0,2686.0,1673.0,0.0,55.0,1673.0
33436,4805.0,713.0,3563.0,2059.0,1043.0,0.0,23.0,1043.0
33437,2388.0,329.0,3771.0,1498.0,828.0,0.0,19.0,828.0
33438,129.0,33.0,154.0,163.0,170.0,0.0,3.0,170.0
33439,0.0,0.0,2.0,0.0,0.0,0.0,0.0,0.0
33440,4480.0,1641.0,3897.0,850.0,1388.0,138.0,0.0,1388.0
33441,5047.0,2.0,3757.0,669.0,1.0,0.0,0.0,1.0
33442,2231.0,2.0,3513.0,275.0,0.0,0.0,0.0,0.0
33443,2.0,0.0,2.0,0.0,0.0,0.0,0.0,0.0
33444,3981.0,649.0,2733.0,1218.0,823.0,0.0,28.0,823.0
33445,3520.0,413.0,2961.0,917.0,432.0,0.0,12.0,432.0
33446,1280.0,193.0,2057.0,301.0,180.0,0.0,6.0,180.0
33447,0.0,0.0,1.0,2.0,0.0,0.0,0.0,0.0
33448,0.0,0.0,1.0,0.0,0.0,0.0,0.0,0.0
33449,425.0,368.0,0.0,0.0,0.0,0.0,0.0,0.0
33450,0.0,0.0,0.0,1.0,0.0,0.0,0.0,0.0
33451,1.0,0.0,0.0,0.0,0.0,0.0,0.0,0.0
33452,2.0,0.0,0.0,0.0,0.0,0.0,0.0,0.0
33453,1.0,1.0,1.0,0.0,0.0,0.0,0.0,0.0
33454,0.0,1.0,2.0,0.0,2.0,0.0,0.0,2.0
33455,1221.0,0.0,917.0,2294.0,2071.0,0.0,30.0,2071.0
33456,0.0,1.0,0.0,1.0,0.0,0.0,0.0,0.0
33458,2044.0,426.0,1311.0,3095.0,2646.0,0.0,35.0,2646.0
33459,10.0,2.0,39.0,14.0,8.0,0.0,0.0,8.0
33460,6013.0,1401.0,2996.0,2285.0,1554.0,0.0,43.0,1554.0
33461,8145.0,1150.0,3819.0,3447.0,2206.0,0.0,49.0,2206.0
33462,4802.0,633.0,3088.0,2698.0,1503.0,0.0,34.0,1503.0
33463,8688.0,2173.0,5059.0,4170.0,2501.0,0.0,53.0,2501.0
33464,6.0,0.0,4.0,0.0,1.0,0.0,0.0,1.0
33465,1.0,0.0,2.0,3.0,1.0,0.0,0.0,1.0
33466,0.0,0.0,4.0,1.0,0.0,0.0,0.0,0.0
33467,4054.0,503.0,5187.0,3674.0,1766.0,0.0,38.0,1766.0
33468,0.0,1.0,6.0,6.0,5.0,0.0,1.0,5.0
33469,532.0,81.0,488.0,1277.0,1081.0,0.0,8.0,1081.0
33470,2752.0,422.0,2080.0,2591.0,1600.0,0.0,21.0,1600.0
33471,1089.0,424.0,959.0,146.0,350.0,30.0,1.0,350.0
33472,923.0,127.0,1.0,1.0,0.0,0.0,0.0,0.0
33473,262.0,44.0,0.0,0.0,0.0,0.0,0.0,0.0
33474,2.0,1.0,1.0,1.0,1.0,0.0,0.0,1.0
33475,4.0,0.0,14.0,26.0,28.0,0.0,0.0,28.0
33476,2242.0,885.0,1856.0,1574.0,1669.0,0.0,111.0,1669.0
33477,283.0,58.0,240.0,591.0,582.0,0.0,9.0,582.0
33478,757.0,130.0,613.0,1521.0,1568.0,0.0,8.0,1568.0
33480,318.0,189.0,235.0,332.0,215.0,0.0,8.0,215.0
33481,1.0,0.0,1.0,0.0,1.0,0.0,0.0,1.0
33482,1.0,1.0,8.0,1.0,1.0,0.0,0.0,1.0
33483,937.0,118.0,1268.0,396.0,183.0,0.0,8.0,183.0
33484,1761.0,404.0,2001.0,500.0,239.0,0.0,7.0,239.0
33486,1669.0,208.0,2603.0,415.0,171.0,0.0,4.0,171.0
33487,1253.0,167.0,1653.0,438.0,179.0,0.0,6.0,179.0
33488,2.0,3.0,0.0,0.0,0.0,0.0,0.0,0.0
33490,1.0,0.0,0.0,0.0,1.0,0.0,0.0,1.0
33492,0.0,0.0,0.0,1.0,0.0,1.0,0.0,0.0
33493,1032.0,371.0,754.0,469.0,427.0,0.0,44.0,427.0
33494,0.0,2.0,0.0,3.0,0.0,0.0,0.0,0.0
33495,1.0,0.0,0.0,0.0,1.0,0.0,0.0,1.0
33496,1227.0,163.0,1595.0,296.0,132.0,0.0,9.0,132.0
33497,3.0,0.0,2.0,10.0,2.0,0.0,0.0,2.0
33498,780.0,130.0,2036.0,301.0,149.0,0.0,5.0,149.0
33499,0.0,1.0,0.0,0.0,0.0,0.0,0.0,0.0
33501,1.0,0.0,0.0,0.0,0.0,0.0,0.0,0.0
33503,1.0,1.0,0.0,5.0,21.0,0.0,0.0,21.0
33504,0.0,0.0,0.0,1.0,0.0,0.0,0.0,0.0
33506,1.0,0.0,0.0,0.0,0.0,0.0,1.0,0.0
33509,3.0,6.0,0.0,0.0,0.0,0.0,0.0,0.0
33510,2570.0,2631.0,1.0,128.0,275.0,0.0,0.0,275.0
33511,4695.0,4261.0,0.0,175.0,436.0,0.0,0.0,436.0
33513,1400.0,6.0,0.0,445.0,516.0,0.0,0.0,516.0
33514,284.0,1.0,0.0,88.0,118.0,0.0,0.0,118.0
33515,1.0,0.0,0.0,1.0,0.0,0.0,0.0,0.0
33517,0.0,1.0,0.0,0.0,0.0,0.0,0.0,0.0
33519,0.0,1.0,0.0,1.0,0.0,0.0,0.0,0.0
33521,183.0,0.0,0.0,64.0,57.0,0.0,0.0,57.0
33523,2771.0,401.0,0.0,460.0,735.0,52.0,29.0,735.0
33524,2.0,0.0,0.0,4.0,18.0,2.0,0.0,18.0
33525,2092.0,349.0,0.0,294.0,446.0,35.0,17.0,446.0
33526,2.0,1.0,0.0,3.0,2.0,0.0,0.0,2.0
33527,1206.0,893.0,0.0,141.0,340.0,0.0,0.0,340.0
33530,1.0,1.0,0.0,8.0,11.0,0.0,0.0,11.0
33534,1367.0,1710.0,0.0,65.0,172.0,0.0,0.0,172.0
33535,0.0,1.0,0.0,0.0,0.0,0.0,0.0,0.0
33537,11.0,0.0,0.0,43.0,76.0,6.0,1.0,76.0
33538,821.0,4.0,0.0,192.0,195.0,0.0,0.0,195.0
33539,1.0,1.0,0.0,1.0,3.0,1.0,0.0,3.0
33540,1020.0,262.0,0.0,100.0,225.0,9.0,6.0,225.0
33541,1462.0,414.0,0.0,196.0,266.0,15.0,12.0,266.0
33542,2581.0,501.0,0.0,109.0,271.0,11.0,12.0,271.0
33543,1498.0,435.0,0.0,168.0,169.0,14.0,2.0,169.0
33544,1024.0,329.0,0.0,108.0,141.0,20.0,10.0,141.0
33545,901.0,351.0,0.0,0.0,0.0,0.0,0.0,0.0
33547,1189.0,948.0,0.0,107.0,504.0,1.0,0.0,504.0
33548,368.0,162.0,0.0,51.0,63.0,1.0,0.0,63.0
33549,1188.0,566.0,0.0,115.0,117.0,1.0,1.0,117.0
33550,2.0,3.0,0.0,1.0,2.0,0.0,0.0,2.0
33551,0.0,1.0,0.0,0.0,0.0,0.0,0.0,0.0
33552,0.0,0.0,0.0,0.0,0.0,1.0,0.0,0.0
33556,1073.0,275.0,0.0,132.0,133.0,0.0,1.0,133.0
33558,879.0,393.0,0.0,81.0,70.0,6.0,2.0,70.0
33559,991.0,414.0,0.0,62.0,53.0,3.0,0.0,53.0
33562,1.0,0.0,0.0,0.0,0.0,0.0,0.0,0.0
33563,3058.0,2577.0,0.0,211.0,728.0,0.0,0.0,728.0
33564,0.0,0.0,0.0,0.0,4.0,0.0,0.0,4.0
33565,1917.0,966.0,0.0,266.0,890.0,0.0,0.0,890.0
33566,1810.0,1471.0,0.0,181.0,642.0,0.0,0.0,642.0
33567,1230.0,951.0,0.0,161.0,579.0,1.0,0.0,579.0
33568,2.0,1.0,0.0,1.0,3.0,0.0,0.0,3.0
33569,1671.0,1652.0,0.0,279.0,615.0,0.0,0.0,615.0
33570,2382.0,3112.0,0.0,74.0,239.0,0.0,0.0,239.0
33571,0.0,1.0,0.0,0.0,0.0,0.0,0.0,0.0
33572,712.0,933.0,0.0,33.0,94.0,0.0,0.0,94.0
33573,494.0,1366.0,0.0,11.0,53.0,0.0,0.0,53.0
33574,5.0,2.0,0.0,2.0,1.0,1.0,0.0,1.0
33575,1.0,0.0,0.0,1.0,4.0,0.0,0.0,4.0
33576,239.0,33.0,0.0,32.0,39.0,3.0,1.0,39.0
33578,3942.0,4980.0,0.0,0.0,0.0,0.0,0.0,0.0
33579,1767.0,2771.0,0.0,0.0,0.0,1.0,0.0,0.0
33580,1.0,0.0,0.0,0.0,0.0,0.0,0.0,0.0
33582,0.0,1.0,0.0,0.0,0.0,0.0,0.0,0.0
33583,1.0,2.0,0.0,0.0,3.0,0.0,0.0,3.0
33584,3403.0,2671.0,0.0,182.0,391.0,0.0,0.0,391.0
33585,189.0,1.0,0.0,60.0,40.0,0.0,0.0,40.0
33586,4.0,3.0,0.0,3.0,6.0,0.0,0.0,6.0
33587,1.0,2.0,0.0,4.0,8.0,0.0,0.0,8.0
33589,1.0,0.0,0.0,0.0,0.0,0.0,0.0,0.0
33590,0.0,0.0,0.0,0.0,0.0,1.0,0.0,0.0
33592,1545.0,1042.0,0.0,104.0,181.0,1.0,0.0,181.0
33593,14.0,1.0,0.0,17.0,37.0,1.0,2.0,37.0
33594,1919.0,2054.0,0.0,293.0,545.0,0.0,0.0,545.0
33596,1280.0,1151.0,0.0,0.0,0.0,1.0,0.0,0.0
33597,1424.0,1.0,0.0,468.0,595.0,0.0,1.0,595.0
33598,1120.0,1906.0,0.0,72.0,471.0,0.0,0.0,471.0
33599,0.0,0.0,0.0,0.0,0.0,1.0,0.0,0.0
33601,5.0,4.0,0.0,1.0,2.0,0.0,0.0,2.0
33602,1401.0,856.0,0.0,57.0,73.0,0.0,0.0,73.0
33603,3517.0,1700.0,0.0,121.0,151.0,0.0,0.0,151.0
33604,6651.0,4177.0,0.0,204.0,243.0,0.0,0.0,243.0
33605,4212.0,2779.0,0.0,148.0,228.0,0.0,1.0,228.0
33606,778.0,483.0,0.0,52.0,48.0,0.0,0.0,48.0
33607,3556.0,2190.0,0.0,210.0,316.0,0.0,0.0,316.0
33608,2.0,3.0,0.0,2.0,1.0,0.0,0.0,1.0
33609,986.0,543.0,0.0,38.0,46.0,0.0,0.0,46.0
33610,9658.0,7789.0,0.0,345.0,503.0,0.0,0.0,503.0
33611,2463.0,1321.0,0.0,111.0,100.0,0.0,0.0,100.0
33612,7025.0,4872.0,0.0,375.0,239.0,0.0,0.0,239.0
33613,4773.0,2701.0,0.0,123.0,132.0,0.0,0.0,132.0
33614,5577.0,4204.0,0.0,118.0,131.0,0.0,0.0,131.0
33615,4633.0,3825.0,1.0,144.0,199.0,0.0,0.0,199.0
33616,1919.0,1165.0,0.0,60.0,88.0,0.0,0.0,88.0
33617,7386.0,5050.0,0.0,166.0,243.0,0.0,1.0,243.0
33618,1586.0,962.0,0.0,47.0,50.0,0.0,0.0,50.0
33619,5823.0,6174.0,0.0,241.0,390.0,0.0,0.0,390.0
33620,13.0,4.0,0.0,1.0,0.0,0.0,0.0,0.0
33621,40.0,33.0,0.0,0.0,0.0,0.0,0.0,0.0
33622,1.0,2.0,0.0,0.0,0.0,0.0,0.0,0.0
33623,1.0,0.0,0.0,0.0,0.0,0.0,0.0,0.0
33624,2822.0,1741.0,0.0,68.0,105.0,0.0,0.0,105.0
33625,1537.0,1192.0,0.0,66.0,69.0,0.0,0.0,69.0
33626,935.0,526.0,0.0,27.0,23.0,0.0,0.0,23.0
33628,0.0,1.0,0.0,0.0,0.0,0.0,0.0,0.0
33629,999.0,428.0,0.0,68.0,65.0,0.0,0.0,65.0
33634,2080.0,1962.0,0.0,59.0,76.0,0.0,0.0,76.0
33635,1348.0,965.0,0.0,61.0,83.0,0.0,0.0,83.0
33636,0.0,1.0,0.0,0.0,0.0,0.0,0.0,0.0
33637,2235.0,1842.0,0.0,39.0,81.0,0.0,0.0,81.0
33638,0.0,1.0,0.0,0.0,0.0,0.0,0.0,0.0
33640,1.0,0.0,0.0,0.0,0.0,0.0,0.0,0.0
33641,0.0,0.0,0.0,1.0,1.0,0.0,0.0,1.0
33643,0.0,1.0,0.0,0.0,0.0,0.0,0.0,0.0
33646,2.0,1.0,0.0,0.0,0.0,0.0,0.0,0.0
33647,3125.0,2179.0,0.0,63.0,66.0,0.0,0.0,66.0
33654,0.0,1.0,0.0,0.0,0.0,1.0,0.0,0.0
33656,0.0,1.0,0.0,0.0,0.0,0.0,0.0,0.0
33657,2.0,0.0,0.0,0.0,0.0,0.0,0.0,0.0
33661,0.0,1.0,0.0,0.0,2.0,0.0,0.0,2.0
33662,0.0,0.0,0.0,0.0,2.0,0.0,0.0,2.0
33663,0.0,1.0,0.0,0.0,0.0,0.0,0.0,0.0
33664,0.0,2.0,0.0,0.0,0.0,0.0,0.0,0.0
33670,1.0,0.0,0.0,0.0,0.0,0.0,0.0,0.0
33671,0.0,1.0,0.0,0.0,0.0,0.0,0.0,0.0
33672,0.0,1.0,0.0,0.0,0.0,0.0,0.0,0.0
33674,1.0,1.0,0.0,0.0,0.0,0.0,0.0,0.0
33675,1.0,3.0,0.0,0.0,0.0,0.0,0.0,0.0
33678,1.0,0.0,0.0,0.0,0.0,0.0,0.0,0.0
33679,1.0,0.0,0.0,0.0,0.0,0.0,0.0,0.0
33680,2.0,0.0,0.0,0.0,0.0,0.0,0.0,0.0
33681,0.0,1.0,0.0,0.0,0.0,0.0,0.0,0.0
33682,2.0,3.0,0.0,0.0,0.0,0.0,0.0,0.0
33683,0.0,0.0,0.0,1.0,0.0,0.0,0.0,0.0
33684,0.0,1.0,0.0,0.0,2.0,0.0,0.0,2.0
33685,1.0,0.0,0.0,0.0,0.0,0.0,0.0,0.0
33686,0.0,1.0,0.0,0.0,1.0,0.0,0.0,1.0
33687,0.0,1.0,0.0,4.0,1.0,0.0,0.0,1.0
33688,1.0,0.0,0.0,0.0,0.0,0.0,0.0,0.0
33689,0.0,1.0,0.0,0.0,1.0,0.0,0.0,1.0
33694,1.0,0.0,0.0,0.0,2.0,0.0,0.0,2.0
33698,1.0,0.0,0.0,0.0,1.0,0.0,0.0,1.0
33701,2035.0,797.0,0.0,56.0,136.0,0.0,0.0,136.0
33702,5477.0,1684.0,0.0,68.0,152.0,0.0,0.0,152.0
33703,3288.0,705.0,0.0,87.0,98.0,0.0,0.0,98.0
33704,1606.0,312.0,0.0,21.0,40.0,0.0,0.0,40.0
33705,6628.0,3424.0,0.0,327.0,761.0,1.0,0.0,761.0
33706,2150.0,466.0,0.0,45.0,71.0,0.0,0.0,71.0
33707,3636.0,1201.0,0.0,76.0,162.0,0.0,0.0,162.0
33708,2152.0,482.0,0.0,55.0,58.0,0.0,0.0,58.0
33709,4558.0,1851.0,0.0,48.0,144.0,0.0,0.0,144.0
33710,4735.0,1764.0,0.0,64.0,126.0,0.0,0.0,126.0
33711,5097.0,2470.0,0.0,251.0,606.0,0.0,0.0,606.0
33712,7115.0,3793.0,0.0,243.0,705.0,0.0,0.0,705.0
33713,5449.0,1770.0,0.0,89.0,179.0,0.0,0.0,179.0
33714,4143.0,1459.0,0.0,52.0,157.0,0.0,0.0,157.0
33715,309.0,87.0,0.0,8.0,11.0,0.0,0.0,11.0
33716,2436.0,948.0,0.0,11.0,28.0,0.0,0.0,28.0
33717,3.0,2.0,0.0,0.0,0.0,0.0,0.0,0.0
33718,2.0,0.0,0.0,0.0,0.0,0.0,0.0,0.0
33725,1.0,0.0,0.0,0.0,0.0,0.0,0.0,0.0
33728,0.0,0.0,0.0,0.0,1.0,0.0,0.0,1.0
33729,1.0,0.0,0.0,0.0,0.0,0.0,0.0,0.0
33730,0.0,2.0,0.0,0.0,0.0,0.0,0.0,0.0
33731,0.0,3.0,0.0,0.0,0.0,0.0,0.0,0.0
33732,0.0,1.0,0.0,0.0,0.0,0.0,0.0,0.0
33733,0.0,3.0,0.0,0.0,1.0,0.0,0.0,1.0
33736,2.0,0.0,0.0,0.0,0.0,0.0,0.0,0.0
33741,1.0,0.0,0.0,0.0,0.0,0.0,0.0,0.0
33742,1.0,0.0,0.0,0.0,0.0,0.0,0.0,0.0
33743,0.0,1.0,0.0,0.0,1.0,0.0,0.0,1.0
33744,3.0,0.0,0.0,1.0,0.0,0.0,0.0,0.0
33746,0.0,1.0,0.0,0.0,0.0,0.0,0.0,0.0
33750,0.0,1.0,0.0,0.0,0.0,0.0,0.0,0.0
33751,0.0,1.0,0.0,0.0,0.0,0.0,0.0,0.0
33755,5788.0,1590.0,0.0,130.0,355.0,0.0,0.0,355.0
33756,5837.0,1419.0,0.0,111.0,151.0,0.0,0.0,151.0
33758,1.0,1.0,0.0,1.0,0.0,0.0,0.0,0.0
33759,2415.0,637.0,0.0,33.0,89.0,0.0,0.0,89.0
33760,2933.0,1063.0,0.0,26.0,83.0,0.0,0.0,83.0
33761,1485.0,306.0,0.0,31.0,61.0,0.0,0.0,61.0
33762,507.0,154.0,1.0,8.0,16.0,0.0,0.0,16.0
33763,1957.0,417.0,0.0,25.0,67.0,0.0,0.0,67.0
33764,4422.0,896.0,0.0,54.0,102.0,0.0,0.0,102.0
33765,2235.0,508.0,0.0,36.0,82.0,0.0,0.0,82.0
33766,2.0,0.0,0.0,0.0,0.0,0.0,0.0,0.0
33767,670.0,76.0,0.0,33.0,94.0,0.0,0.0,94.0
33768,2.0,0.0,0.0,0.0,0.0,0.0,0.0,0.0
33769,0.0,0.0,0.0,1.0,1.0,0.0,0.0,1.0
33770,4372.0,872.0,0.0,77.0,137.0,0.0,0.0,137.0
33771,4918.0,1336.0,0.0,51.0,143.0,0.0,0.0,143.0
33772,4028.0,569.0,0.0,40.0,53.0,0.0,0.0,53.0
33773,3718.0,586.0,0.0,45.0,55.0,0.0,0.0,55.0
33774,3397.0,624.0,0.0,81.0,87.0,1.0,0.0,87.0
33775,3.0,2.0,0.0,0.0,0.0,0.0,0.0,0.0
33776,1539.0,216.0,0.0,33.0,54.0,0.0,0.0,54.0
33777,2959.0,557.0,0.0,34.0,69.0,0.0,0.0,69.0
33778,2976.0,609.0,0.0,48.0,94.0,0.0,0.0,94.0
33779,2.0,2.0,0.0,0.0,0.0,0.0,0.0,0.0
33780,3.0,2.0,0.0,0.0,1.0,0.0,0.0,1.0
33781,4585.0,1714.0,0.0,62.0,116.0,0.0,0.0,116.0
33782,3179.0,963.0,0.0,34.0,83.0,0.0,0.0,83.0
33783,0.0,1.0,0.0,0.0,0.0,0.0,0.0,0.0
33784,0.0,2.0,0.0,0.0,0.0,0.0,0.0,0.0
33785,840.0,86.0,0.0,43.0,94.0,0.0,0.0,94.0
33786,159.0,19.0,0.0,10.0,20.0,0.0,0.0,20.0
33788,0.0,1.0,0.0,0.0,0.0,0.0,0.0,0.0
33789,1.0,0.0,0.0,0.0,0.0,0.0,0.0,0.0
33791,1.0,0.0,0.0,0.0,0.0,0.0,0.0,0.0
33792,0.0,1.0,0.0,0.0,0.0,1.0,0.0,0.0
33795,1.0,0.0,0.0,0.0,0.0,0.0,0.0,0.0
33801,6193.0,3214.0,0.0,585.0,2163.0,371.0,40.0,2163.0
33802,5.0,4.0,0.0,1.0,9.0,0.0,0.0,9.0
33803,4471.0,1773.0,0.0,257.0,1013.0,154.0,10.0,1013.0
33804,2.0,4.0,0.0,1.0,7.0,0.0,1.0,7.0
33805,5157.0,3108.0,0.0,490.0,1764.0,235.0,54.0,1764.0
33806,1.0,0.0,0.0,0.0,0.0,0.0,0.0,0.0
33807,2.0,0.0,0.0,1.0,2.0,0.0,0.0,2.0
33808,1.0,1.0,0.0,0.0,0.0,0.0,0.0,0.0
33809,3652.0,1617.0,0.0,484.0,1332.0,129.0,16.0,1332.0
33810,6253.0,3173.0,0.0,642.0,1886.0,182.0,28.0,1886.0
33811,2493.0,1691.0,0.0,241.0,1059.0,113.0,8.0,1059.0
33812,1453.0,763.0,0.0,0.0,1.0,0.0,0.0,1.0
33813,3700.0,1692.0,0.0,357.0,1535.0,314.0,16.0,1535.0
33814,0.0,0.0,0.0,0.0,0.0,1.0,0.0,0.0
33815,3224.0,2112.0,0.0,297.0,1051.0,124.0,22.0,1051.0
33816,1.0,0.0,0.0,0.0,0.0,0.0,0.0,0.0
33818,0.0,4.0,0.0,0.0,0.0,0.0,0.0,0.0
33819,0.0,1.0,0.0,0.0,0.0,0.0,0.0,0.0
33820,7.0,1.0,0.0,10.0,24.0,77.0,1.0,24.0
33821,2.0,0.0,0.0,0.0,0.0,0.0,0.0,0.0
33822,0.0,2.0,0.0,0.0,0.0,0.0,0.0,0.0
33823,4378.0,3123.0,0.0,908.0,2809.0,920.0,35.0,2809.0
33824,0.0,1.0,0.0,0.0,0.0,0.0,0.0,0.0
33825,5681.0,2383.0,0.0,670.0,1872.0,2148.0,26.0,1872.0
33826,2.0,1.0,0.0,10.0,13.0,7.0,1.0,13.0
33827,523.0,140.0,0.0,135.0,198.0,555.0,5.0,198.0
33828,0.0,3.0,0.0,0.0,1.0,0.0,0.0,1.0
33829,1.0,0.0,0.0,0.0,0.0,1.0,0.0,0.0
33830,5283.0,3440.0,0.0,859.0,1878.0,1969.0,28.0,1878.0
33831,2.0,2.0,0.0,2.0,7.0,5.0,0.0,7.0
33833,1.0,0.0,0.0,0.0,0.0,0.0,0.0,0.0
33834,820.0,896.0,0.0,175.0,330.0,1136.0,0.0,330.0
33835,150.0,81.0,0.0,23.0,94.0,22.0,3.0,94.0
33836,9.0,6.0,0.0,27.0,42.0,62.0,4.0,42.0
33837,4347.0,3881.0,0.0,450.0,806.0,1118.0,16.0,806.0
33838,915.0,567.0,0.0,149.0,368.0,614.0,2.0,368.0
33839,507.0,403.0,0.0,87.0,250.0,162.0,6.0,250.0
33840,13.0,13.0,0.0,19.0,61.0,12.0,0.0,61.0
33841,1704.0,951.0,0.0,302.0,508.0,1738.0,8.0,508.0
33843,2171.0,915.0,0.0,439.0,869.0,1758.0,19.0,869.0
33844,7906.0,5574.0,0.0,1088.0,2304.0,3695.0,31.0,2304.0
33845,4.0,1.0,0.0,4.0,12.0,20.0,0.0,12.0
33846,27.0,14.0,0.0,18.0,69.0,30.0,1.0,69.0
33847,30.0,7.0,0.0,7.0,22.0,49.0,0.0,22.0
33848,174.0,87.0,1.0,35.0,55.0,110.0,1.0,55.0
33849,119.0,27.0,0.0,34.0,86.0,12.0,1.0,86.0
33850,1348.0,892.0,0.0,192.0,465.0,209.0,6.0,465.0
33851,112.0,41.0,0.0,52.0,123.0,258.0,2.0,123.0
33852,4882.0,1904.0,0.0,532.0,1889.0,1026.0,26.0,1889.0
33853,2502.0,1387.0,0.0,692.0,1093.0,2937.0,39.0,1093.0
33854,161.0,8.0,0.0,15.0,35.0,48.0,0.0,35.0
33855,173.0,35.0,0.0,26.0,104.0,121.0,1.0,104.0
33856,24.0,2.0,0.0,0.0,4.0,12.0,0.0,4.0
33857,333.0,115.0,0.0,113.0,353.0,78.0,4.0,353.0
33858,12.0,2.0,0.0,25.0,33.0,56.0,0.0,33.0
33859,1758.0,941.0,0.0,351.0,544.0,2005.0,9.0,544.0
33860,3921.0,2292.0,0.0,397.0,1272.0,208.0,23.0,1272.0
33862,7.0,1.0,0.0,8.0,32.0,6.0,0.0,32.0
33863,3.0,4.0,0.0,8.0,15.0,8.0,0.0,15.0
33864,0.0,0.0,0.0,0.0,0.0,1.0,0.0,0.0
33865,78.0,160.0,0.0,29.0,76.0,259.0,0.0,76.0
33867,5.0,4.0,0.0,6.0,15.0,4.0,0.0,15.0
33868,1977.0,808.0,0.0,319.0,895.0,228.0,13.0,895.0
33869,0.0,2.0,0.0,0.0,0.0,0.0,0.0,0.0
33870,6079.0,2361.0,0.0,502.0,1849.0,1335.0,21.0,1849.0
33871,5.0,1.0,0.0,2.0,5.0,5.0,0.0,5.0
33872,2515.0,733.0,0.0,236.0,834.0,835.0,10.0,834.0
33873,2312.0,2459.0,0.0,493.0,685.0,3539.0,0.0,685.0
33875,2477.0,745.0,0.0,259.0,957.0,742.0,6.0,957.0
33876,1264.0,371.0,0.0,154.0,765.0,307.0,6.0,765.0
33877,98.0,38.0,0.0,97.0,205.0,243.0,20.0,205.0
33879,1.0,0.0,0.0,0.0,0.0,0.0,0.0,0.0
33880,6569.0,4361.0,0.0,1267.0,3282.0,2319.0,56.0,3282.0
33881,5783.0,5160.0,0.0,1178.0,3001.0,1968.0,50.0,3001.0
33882,4.0,0.0,0.0,0.0,6.0,5.0,0.0,6.0
33883,1.0,1.0,0.0,1.0,6.0,3.0,0.0,6.0
33884,3214.0,2167.0,0.0,629.0,1344.0,2298.0,15.0,1344.0
33885,0.0,4.0,0.0,3.0,7.0,2.0,0.0,7.0
33886,0.0,1.0,0.0,0.0,0.0,0.0,0.0,0.0
33888,1.0,1.0,0.0,0.0,7.0,0.0,0.0,7.0
33889,0.0,0.0,0.0,0.0,0.0,0.0,1.0,0.0
33890,879.0,911.0,0.0,240.0,324.0,1405.0,0.0,324.0
33893,0.0,1.0,0.0,0.0,0.0,0.0,0.0,0.0
33894,0.0,1.0,0.0,0.0,1.0,0.0,0.0,1.0
33895,0.0,0.0,1.0,0.0,0.0,1.0,0.0,0.0
33896,1197.0,1251.0,0.0,122.0,169.0,186.0,4.0,169.0
33897,1917.0,1810.0,0.0,71.0,176.0,75.0,3.0,176.0
33898,3248.0,1167.0,0.0,674.0,1328.0,3409.0,18.0,1328.0
33900,0.0,1.0,0.0,0.0,0.0,0.0,0.0,0.0
33901,5318.0,6417.0,310.0,115.0,0.0,975.0,21.0,0.0
33902,2.0,8.0,0.0,1.0,1.0,8.0,0.0,1.0
33903,3742.0,8701.0,296.0,117.0,0.0,1821.0,23.0,0.0
33904,5069.0,10313.0,265.0,136.0,0.0,2851.0,14.0,0.0
33905,6524.0,8178.0,716.0,153.0,0.0,1461.0,20.0,0.0
33906,5.0,8.0,1.0,0.0,0.0,1.0,0.0,0.0
33907,5175.0,5593.0,276.0,45.0,0.0,726.0,10.0,0.0
33908,5623.0,16516.0,629.0,92.0,0.0,1393.0,13.0,0.0
33909,4939.0,9962.0,143.0,67.0,0.0,1145.0,4.0,0.0
33910,0.0,1.0,0.0,1.0,0.0,0.0,0.0,0.0
33911,0.0,1.0,1.0,0.0,0.0,4.0,0.0,0.0
33912,2389.0,2714.0,1247.0,129.0,0.0,1316.0,27.0,0.0
33913,2638.0,2676.0,121.0,13.0,0.0,131.0,2.0,0.0
33914,4690.0,13071.0,244.0,138.0,0.0,2915.0,30.0,0.0
33915,2.0,4.0,0.0,0.0,0.0,2.0,0.0,0.0
33916,6068.0,7388.0,464.0,116.0,0.0,1277.0,14.0,0.0
33917,5264.0,10672.0,530.0,227.0,0.0,2720.0,31.0,0.0
33918,3.0,3.0,1.0,1.0,0.0,8.0,0.0,0.0
33919,4480.0,6140.0,441.0,78.0,0.0,1052.0,12.0,0.0
33920,1206.0,878.0,252.0,47.0,1.0,128.0,5.0,1.0
33921,18.0,247.0,1.0,5.0,0.0,52.0,1.0,0.0
33922,562.0,1790.0,43.0,69.0,0.0,1593.0,8.0,0.0
33924,59.0,215.0,3.0,10.0,0.0,302.0,1.0,0.0
33925,1.0,0.0,1.0,0.0,0.0,0.0,0.0,0.0
33927,0.0,1.0,0.0,0.0,1.0,5.0,0.0,1.0
33928,2465.0,2749.0,277.0,18.0,0.0,143.0,6.0,0.0
33929,2.0,1.0,0.0,0.0,0.0,0.0,0.0,0.0
33930,182.0,40.0,84.0,1.0,1.0,2.0,0.0,1.0
33931,1345.0,7493.0,175.0,92.0,0.0,2103.0,12.0,0.0
33932,5.0,2.0,3.0,1.0,0.0,11.0,0.0,0.0
33933,0.0,1.0,0.0,1.0,0.0,2.0,0.0,0.0
33935,3881.0,2501.0,1049.0,55.0,141.0,69.0,0.0,141.0
33936,6728.0,4755.0,652.0,64.0,0.0,300.0,25.0,0.0
33937,1.0,0.0,0.0,0.0,0.0,0.0,0.0,0.0
33938,0.0,3.0,0.0,0.0,1.0,9.0,0.0,1.0
33939,1.0,5.0,0.0,0.0,0.0,2.0,0.0,0.0
33940,1.0,2.0,0.0,0.0,0.0,1.0,0.0,0.0
33941,0.0,1.0,1.0,0.0,0.0,1.0,0.0,0.0
33942,0.0,1.0,0.0,0.0,0.0,0.0,0.0,0.0
33943,1.0,1.0,0.0,0.0,0.0,1.0,0.0,0.0
33944,59.0,28.0,32.0,6.0,28.0,5.0,0.0,28.0
33945,0.0,3.0,1.0,7.0,0.0,129.0,0.0,0.0
33946,73.0,823.0,0.0,5.0,7.0,71.0,0.0,7.0
33947,383.0,3601.0,0.0,5.0,7.0,121.0,0.0,7.0
33948,1731.0,4978.0,0.0,94.0,69.0,4589.0,0.0,69.0
33949,1.0,0.0,0.0,1.0,0.0,8.0,0.0,0.0
33950,1479.0,5754.0,1.0,285.0,206.0,9238.0,0.0,206.0
33951,0.0,1.0,0.0,0.0,0.0,15.0,0.0,0.0
33952,3800.0,10222.0,0.0,351.0,237.0,11225.0,0.0,237.0
33953,393.0,2099.0,0.0,14.0,17.0,320.0,0.0,17.0
33954,878.0,3054.0,0.0,54.0,35.0,2521.0,0.0,35.0
33955,813.0,2563.0,2.0,84.0,60.0,2481.0,0.0,60.0
33956,391.0,2684.0,55.0,51.0,0.0,1153.0,11.0,0.0
33957,389.0,3632.0,22.0,28.0,0.0,1195.0,5.0,0.0
33958,0.0,1.0,0.0,0.0,0.0,1.0,0.0,0.0
33959,0.0,1.0,0.0,0.0,0.0,0.0,0.0,0.0
33960,236.0,114.0,3.0,27.0,108.0,25.0,2.0,108.0
33962,0.0,0.0,1.0,0.0,0.0,0.0,0.0,0.0
33963,1.0,0.0,0.0,0.0,0.0,0.0,0.0,0.0
33964,2.0,0.0,0.0,0.0,0.0,1.0,0.0,0.0
33965,43.0,11.0,0.0,0.0,0.0,1.0,0.0,0.0
33966,1416.0,2422.0,0.0,0.0,0.0,0.0,0.0,0.0
33967,6284.0,4970.0,0.0,0.0,0.0,0.0,0.0,0.0
33968,0.0,1.0,0.0,0.0,0.0,0.0,0.0,0.0
33970,4.0,1.0,3.0,0.0,0.0,4.0,0.0,0.0
33971,6434.0,6016.0,401.0,54.0,0.0,422.0,11.0,0.0
33972,3395.0,2809.0,315.0,28.0,0.0,103.0,4.0,0.0
33973,3260.0,2691.0,0.0,0.0,0.0,0.0,0.0,0.0
33974,4197.0,3163.0,0.0,1.0,1.0,0.0,0.0,1.0
33975,8.0,4.0,60.0,5.0,9.0,5.0,0.0,9.0
33976,4359.0,3967.0,0.0,0.0,0.0,0.0,0.0,0.0
33977,0.0,1.0,0.0,0.0,0.0,0.0,0.0,0.0
33980,858.0,3123.0,0.0,90.0,73.0,3665.0,0.0,73.0
33981,706.0,5119.0,0.0,21.0,14.0,622.0,0.0,14.0
33982,1019.0,3068.0,0.0,142.0,98.0,3383.0,0.0,98.0
33983,896.0,3886.0,0.0,98.0,66.0,4659.0,0.0,66.0
33984,0.0,2.0,0.0,0.0,0.0,0.0,0.0,0.0
33986,0.0,1.0,0.0,0.0,0.0,0.0,0.0,0.0
33989,0.0,3.0,0.0,0.0,0.0,2.0,0.0,0.0
33990,5726.0,9040.0,182.0,115.0,0.0,2047.0,21.0,0.0
33991,2764.0,7431.0,114.0,58.0,0.0,1283.0,13.0,0.0
33993,3846.0,10409.0,89.0,55.0,0.0,1017.0,8.0,0.0
33994,1.0,0.0,2.0,0.0,0.0,2.0,0.0,0.0
33995,0.0,1.0,0.0,0.0,0.0,0.0,0.0,0.0
33996,0.0,3.0,0.0,0.0,0.0,0.0,0.0,0.0
33997,0.0,1.0,0.0,0.0,0.0,0.0,0.0,0.0
33999,0.0,1.0,0.0,0.0,0.0,0.0,0.0,0.0
34000,0.0,0.0,1.0,0.0,0.0,0.0,0.0,0.0
34012,1.0,0.0,0.0,0.0,0.0,0.0,0.0,0.0
34014,0.0,1.0,1.0,0.0,0.0,0.0,0.0,0.0
34015,1.0,0.0,0.0,0.0,0.0,0.0,0.0,0.0
34024,1.0,0.0,0.0,0.0,0.0,0.0,0.0,0.0
34028,0.0,1.0,0.0,0.0,0.0,0.0,0.0,0.0
34034,0.0,0.0,0.0,0.0,0.0,1.0,0.0,0.0
34056,1.0,0.0,0.0,0.0,0.0,0.0,0.0,0.0
34057,0.0,0.0,0.0,1.0,0.0,0.0,0.0,0.0
34060,1.0,0.0,0.0,0.0,0.0,0.0,0.0,0.0
34064,1.0,0.0,0.0,0.0,0.0,0.0,0.0,0.0
34068,1.0,0.0,0.0,0.0,0.0,0.0,0.0,0.0
34101,4.0,2.0,8.0,0.0,0.0,1.0,0.0,0.0
34102,1592.0,1969.0,579.0,0.0,0.0,39.0,0.0,0.0
34103,1829.0,1208.0,521.0,0.0,0.0,51.0,0.0,0.0
34104,5915.0,3198.0,1414.0,0.0,0.0,56.0,0.0,0.0
34105,2438.0,903.0,445.0,0.0,0.0,15.0,0.0,0.0
34106,3.0,0.0,4.0,0.0,0.0,0.0,0.0,0.0
34107,0.0,2.0,2.0,0.0,0.0,0.0,0.0,0.0
34108,2333.0,1387.0,591.0,0.0,0.0,104.0,0.0,0.0
34109,4122.0,1483.0,587.0,1.0,0.0,49.0,0.0,0.0
34110,3251.0,1459.0,516.0,0.0,0.0,85.0,0.0,0.0
34112,6272.0,3961.0,1798.0,0.0,0.0,79.0,0.0,0.0
34113,5010.0,2142.0,1162.0,0.0,0.0,30.0,0.0,0.0
34114,3955.0,2068.0,844.0,0.0,0.0,25.0,0.0,0.0
34115,1.0,1.0,0.0,0.0,0.0,0.0,0.0,0.0
34116,9101.0,3734.0,1602.0,1.0,0.0,97.0,0.0,0.0
34117,4304.0,1360.0,873.0,0.0,0.0,36.0,0.0,0.0
34119,4935.0,1360.0,558.0,0.0,0.0,12.0,0.0,0.0
34120,7657.0,2746.0,1208.0,0.0,0.0,48.0,0.0,0.0
34123,1.0,0.0,0.0,0.0,0.0,0.0,0.0,0.0
34125,1.0,1.0,0.0,0.0,0.0,0.0,0.0,0.0
34126,3.0,0.0,0.0,0.0,0.0,1.0,0.0,0.0
34129,1.0,0.0,0.0,0.0,0.0,0.0,0.0,0.0
34132,0.0,1.0,0.0,0.0,0.0,0.0,0.0,0.0
34133,0.0,1.0,11.0,0.0,0.0,2.0,0.0,0.0
34134,1659.0,2983.0,269.0,19.0,0.0,139.0,7.0,0.0
34135,7185.0,3835.0,1199.0,22.0,0.0,236.0,7.0,0.0
34136,0.0,1.0,2.0,0.0,0.0,0.0,0.0,0.0
34137,91.0,18.0,71.0,0.0,0.0,5.0,0.0,0.0
34138,181.0,75.0,181.0,0.0,0.0,3.0,0.0,0.0
34139,335.0,120.0,167.0,0.0,0.0,6.0,0.0,0.0
34140,234.0,94.0,62.0,0.0,0.0,1.0,0.0,0.0
34141,56.0,26.0,18.0,0.0,0.0,0.0,0.0,0.0
34142,5679.0,2883.0,1552.0,4.0,3.0,40.0,0.0,3.0
34143,12.0,11.0,61.0,0.0,0.0,1.0,0.0,0.0
34145,2580.0,1065.0,920.0,0.0,0.0,18.0,0.0,0.0
34146,1.0,1.0,3.0,1.0,0.0,0.0,0.0,0.0
34147,1.0,0.0,0.0,0.0,0.0,0.0,0.0,0.0
34159,1.0,0.0,0.0,0.0,0.0,0.0,0.0,0.0
34175,0.0,1.0,0.0,0.0,0.0,0.0,0.0,0.0
34183,0.0,0.0,1.0,0.0,0.0,0.0,0.0,0.0
34194,1.0,0.0,0.0,0.0,0.0,0.0,0.0,0.0
34201,77.0,71.0,0.0,0.0,3.0,1.0,0.0,3.0
34202,531.0,627.0,0.0,8.0,17.0,6.0,0.0,17.0
34203,2834.0,2830.0,0.0,141.0,389.0,81.0,22.0,389.0
34204,1.0,1.0,0.0,0.0,0.0,0.0,0.0,0.0
34205,4403.0,3545.0,0.0,145.0,341.0,70.0,20.0,341.0
34206,2.0,1.0,0.0,1.0,1.0,1.0,0.0,1.0
34207,4522.0,4101.0,0.0,85.0,206.0,33.0,16.0,206.0
34208,4852.0,4341.0,0.0,315.0,850.0,151.0,71.0,850.0
34209,2536.0,1619.0,0.0,32.0,84.0,13.0,6.0,84.0
34210,1253.0,1027.0,0.0,23.0,45.0,11.0,7.0,45.0
34211,235.0,488.0,0.0,3.0,3.0,8.0,1.0,3.0
34212,577.0,757.0,0.0,8.0,17.0,10.0,2.0,17.0
34214,0.0,0.0,1.0,0.0,0.0,0.0,0.0,0.0
34215,44.0,25.0,0.0,5.0,1.0,2.0,1.0,1.0
34216,37.0,29.0,0.0,7.0,10.0,4.0,0.0,10.0
34217,380.0,149.0,0.0,24.0,21.0,9.0,0.0,21.0
34218,0.0,0.0,0.0,0.0,0.0,1.0,0.0,0.0
34219,853.0,1100.0,0.0,17.0,26.0,12.0,3.0,26.0
34220,2.0,1.0,0.0,0.0,1.0,0.0,0.0,1.0
34221,4041.0,3775.0,0.0,270.0,626.0,108.0,27.0,626.0
34222,1269.0,1211.0,0.0,12.0,67.0,7.0,0.0,67.0
34223,1491.0,5217.0,0.0,20.0,23.0,66.0,0.0,23.0
34224,1290.0,6692.0,0.0,19.0,26.0,222.0,0.0,26.0
34226,0.0,3.0,0.0,0.0,0.0,0.0,0.0,0.0
34227,0.0,1.0,0.0,0.0,0.0,0.0,0.0,0.0
34228,166.0,115.0,0.0,4.0,7.0,5.0,1.0,7.0
34229,286.0,437.0,0.0,6.0,5.0,2.0,0.0,5.0
34230,1.0,2.0,0.0,4.0,1.0,2.0,0.0,1.0
34231,3017.0,2408.0,0.0,16.0,40.0,11.0,0.0,40.0
34232,2450.0,2703.0,0.0,23.0,56.0,20.0,0.0,56.0
34233,1124.0,1236.0,1.0,10.0,8.0,4.0,0.0,8.0
34234,3856.0,3727.0,0.0,328.0,654.0,280.0,0.0,654.0
34235,928.0,1014.0,0.0,17.0,33.0,10.0,0.0,33.0
34236,607.0,462.0,0.0,46.0,94.0,31.0,0.0,94.0
34237,1582.0,1414.0,0.0,35.0,59.0,25.0,0.0,59.0
34238,534.0,973.0,0.0,4.0,7.0,0.0,0.0,7.0
34239,1737.0,966.0,0.0,14.0,23.0,12.0,0.0,23.0
34240,570.0,944.0,0.0,3.0,15.0,5.0,0.0,15.0
34241,770.0,1049.0,0.0,8.0,13.0,9.0,0.0,13.0
34242,323.0,243.0,0.0,5.0,9.0,3.0,0.0,9.0
34243,1939.0,1804.0,0.0,23.0,69.0,19.0,4.0,69.0
34244,0.0,3.0,0.0,0.0,0.0,0.0,0.0,0.0
34246,0.0,2.0,0.0,0.0,0.0,0.0,0.0,0.0
34249,0.0,1.0,0.0,0.0,0.0,0.0,0.0,0.0
34250,67.0,14.0,0.0,3.0,3.0,1.0,0.0,3.0
34251,448.0,887.0,0.0,30.0,63.0,247.0,4.0,63.0
34252,0.0,1.0,0.0,0.0,0.0,0.0,0.0,0.0
34254,0.0,0.0,0.0,0.0,0.0,1.0,0.0,0.0
34260,0.0,0.0,0.0,0.0,0.0,1.0,0.0,0.0
34264,2.0,1.0,0.0,0.0,1.0,0.0,0.0,1.0
34265,5.0,2.0,0.0,9.0,15.0,50.0,0.0,15.0
34266,4080.0,6675.0,0.0,647.0,933.0,7007.0,1.0,933.0
34267,1.0,6.0,0.0,7.0,12.0,184.0,0.0,12.0
34268,21.0,27.0,0.0,42.0,58.0,310.0,0.0,58.0
34269,335.0,1450.0,0.0,43.0,37.0,1218.0,0.0,37.0
34270,28.0,10.0,0.0,0.0,13.0,2.0,1.0,13.0
34272,2.0,0.0,0.0,2.0,1.0,1.0,0.0,1.0
34274,1.0,0.0,0.0,0.0,0.0,1.0,0.0,0.0
34275,1368.0,2595.0,0.0,14.0,20.0,14.0,0.0,20.0
34277,1.0,0.0,0.0,0.0,0.0,0.0,0.0,0.0
34278,0.0,0.0,0.0,0.0,1.0,0.0,0.0,1.0
34280,0.0,1.0,0.0,0.0,0.0,0.0,0.0,0.0
34281,7.0,2.0,0.0,1.0,9.0,0.0,0.0,9.0
34284,0.0,1.0,0.0,0.0,0.0,0.0,0.0,0.0
34285,1036.0,3128.0,0.0,10.0,20.0,10.0,0.0,20.0
34286,1493.0,5605.0,0.0,28.0,27.0,296.0,0.0,27.0
34287,2023.0,8422.0,0.0,33.0,60.0,287.0,0.0,60.0
34288,711.0,3838.0,0.0,4.0,5.0,366.0,0.0,5.0
34289,115.0,531.0,0.0,2.0,2.0,19.0,0.0,2.0
34291,672.0,2052.0,0.0,0.0,0.0,0.0,0.0,0.0
34292,421.0,1503.0,0.0,3.0,8.0,7.0,0.0,8.0
34293,3494.0,7733.0,0.0,15.0,37.0,52.0,0.0,37.0
34294,0.0,1.0,0.0,0.0,0.0,0.0,0.0,0.0
34295,0.0,1.0,0.0,0.0,0.0,0.0,0.0,0.0
34307,0.0,1.0,0.0,0.0,0.0,0.0,0.0,0.0
34308,1.0,0.0,0.0,0.0,0.0,0.0,0.0,0.0
34315,0.0,1.0,0.0,0.0,0.0,0.0,0.0,0.0
34317,0.0,0.0,1.0,0.0,0.0,0.0,0.0,0.0
34318,1.0,0.0,0.0,0.0,0.0,0.0,0.0,0.0
34319,1.0,0.0,0.0,0.0,0.0,0.0,0.0,0.0
34321,1.0,0.0,0.0,0.0,0.0,0.0,0.0,0.0
34323,1.0,0.0,0.0,0.0,0.0,0.0,0.0,0.0
34324,1.0,0.0,0.0,0.0,0.0,0.0,1.0,0.0
34328,0.0,1.0,0.0,0.0,0.0,0.0,0.0,0.0
34331,0.0,0.0,0.0,0.0,1.0,0.0,0.0,1.0
34333,1.0,0.0,0.0,0.0,0.0,0.0,0.0,0.0
34334,1.0,0.0,0.0,0.0,0.0,0.0,0.0,0.0
34342,1.0,0.0,0.0,0.0,0.0,0.0,0.0,0.0
34371,1.0,0.0,0.0,0.0,0.0,0.0,0.0,0.0
34404,1.0,0.0,0.0,0.0,0.0,0.0,0.0,0.0
34408,1.0,0.0,0.0,0.0,0.0,0.0,0.0,0.0
34411,0.0,0.0,1.0,0.0,0.0,0.0,0.0,0.0
34412,0.0,1.0,0.0,0.0,0.0,0.0,0.0,0.0
34413,1.0,1.0,1.0,0.0,0.0,0.0,0.0,0.0
34417,1.0,0.0,0.0,0.0,0.0,0.0,0.0,0.0
34418,0.0,0.0,1.0,0.0,0.0,0.0,0.0,0.0
34420,3352.0,6.0,0.0,649.0,433.0,0.0,13.0,433.0
34421,1.0,1.0,0.0,18.0,13.0,0.0,1.0,13.0
34423,1.0,0.0,0.0,2.0,3.0,0.0,0.0,3.0
34428,889.0,0.0,0.0,366.0,187.0,0.0,11.0,187.0
34429,980.0,1.0,0.0,258.0,151.0,0.0,14.0,151.0
34430,3.0,0.0,0.0,10.0,11.0,0.0,1.0,11.0
34431,656.0,2.0,0.0,227.0,155.0,2.0,11.0,155.0
34432,1280.0,3.0,0.0,358.0,229.0,0.0,13.0,229.0
34433,670.0,1.0,0.0,156.0,96.0,0.0,5.0,96.0
34434,768.0,2.0,0.0,116.0,118.0,0.0,4.0,118.0
34436,1059.0,3.0,0.0,331.0,297.0,0.0,11.0,297.0
34439,0.0,0.0,0.0,1.0,0.0,0.0,0.0,0.0
34442,1348.0,3.0,0.0,427.0,340.0,0.0,31.0,340.0
34445,15.0,0.0,0.0,3.0,3.0,0.0,0.0,3.0
34446,1297.0,3.0,0.0,330.0,203.0,0.0,12.0,203.0
34447,2.0,0.0,0.0,27.0,16.0,0.0,2.0,16.0
34448,1521.0,0.0,0.0,474.0,243.0,0.0,17.0,243.0
34449,179.0,0.0,1.0,224.0,119.0,11.0,1.0,119.0
34450,1117.0,2.0,0.0,259.0,257.0,0.0,7.0,257.0
34451,2.0,0.0,0.0,1.0,3.0,0.0,0.0,3.0
34452,1564.0,3.0,0.0,255.0,137.0,0.0,11.0,137.0
34453,1153.0,0.0,0.0,220.0,129.0,0.0,7.0,129.0
34454,1.0,0.0,0.0,0.0,0.0,0.0,0.0,0.0
34460,0.0,0.0,0.0,1.0,1.0,0.0,0.0,1.0
34461,592.0,0.0,0.0,195.0,108.0,0.0,3.0,108.0
34464,0.0,0.0,0.0,0.0,2.0,0.0,0.0,2.0
34465,1266.0,4.0,0.0,272.0,96.0,0.0,9.0,96.0
34467,1.0,0.0,0.0,0.0,0.0,0.0,0.0,0.0
34468,1.0,0.0,0.0,0.0,0.0,0.0,0.0,0.0
34470,3127.0,8.0,0.0,616.0,436.0,0.0,31.0,436.0
34471,3671.0,3.0,0.0,767.0,499.0,0.0,19.0,499.0
34472,3856.0,5.0,0.0,803.0,588.0,0.0,34.0,588.0
34473,2712.0,3.0,0.0,307.0,228.0,0.0,18.0,228.0
34474,1547.0,4.0,0.0,626.0,460.0,0.0,35.0,460.0
34475,3568.0,2.0,0.0,753.0,754.0,0.0,58.0,754.0
34476,1584.0,6.0,0.0,359.0,224.0,0.0,11.0,224.0
34477,1.0,0.0,0.0,0.0,1.0,0.0,0.0,1.0
34478,4.0,0.0,0.0,5.0,9.0,0.0,1.0,9.0
34479,2005.0,5.0,0.0,515.0,387.0,1.0,14.0,387.0
34480,3834.0,6.0,0.0,762.0,469.0,0.0,24.0,469.0
34481,1034.0,3.0,1.0,302.0,199.0,0.0,12.0,199.0
34482,2653.0,4.0,0.0,677.0,539.0,0.0,31.0,539.0
34483,0.0,0.0,0.0,1.0,0.0,0.0,0.0,0.0
34484,515.0,1.0,0.0,132.0,107.0,0.0,0.0,107.0
34485,1.0,0.0,0.0,0.0,0.0,0.0,0.0,0.0
34487,0.0,0.0,0.0,4.0,5.0,0.0,1.0,5.0
34488,1617.0,1.0,0.0,561.0,396.0,0.0,17.0,396.0
34489,1.0,0.0,0.0,12.0,7.0,0.0,0.0,7.0
34491,3733.0,2.0,0.0,693.0,529.0,0.0,21.0,529.0
34492,5.0,0.0,0.0,5.0,5.0,0.0,0.0,5.0
34493,0.0,0.0,0.0,0.0,1.0,0.0,0.0,1.0
34494,0.0,0.0,0.0,0.0,2.0,0.0,0.0,2.0
34497,0.0,0.0,0.0,0.0,1.0,0.0,0.0,1.0
34498,16.0,0.0,0.0,52.0,24.0,2.0,0.0,24.0
34521,0.0,1.0,0.0,0.0,0.0,0.0,0.0,0.0
34552,0.0,0.0,0.0,0.0,1.0,0.0,0.0,1.0
34563,0.0,0.0,0.0,0.0,1.0,0.0,0.0,1.0
34570,0.0,1.0,0.0,0.0,0.0,0.0,0.0,0.0
34577,1.0,0.0,0.0,0.0,0.0,0.0,0.0,0.0
34579,0.0,2.0,0.0,0.0,0.0,0.0,0.0,0.0
34590,0.0,0.0,0.0,1.0,0.0,0.0,0.0,0.0
34591,0.0,0.0,0.0,0.0,1.0,0.0,0.0,1.0
34592,0.0,0.0,0.0,0.0,1.0,0.0,0.0,1.0
34593,0.0,0.0,0.0,1.0,0.0,0.0,1.0,0.0
34595,1.0,0.0,0.0,0.0,0.0,0.0,0.0,0.0
34597,0.0,0.0,0.0,1.0,0.0,0.0,0.0,0.0
34601,4291.0,6.0,0.0,813.0,765.0,0.0,0.0,765.0
34602,1129.0,0.0,0.0,192.0,199.0,0.0,0.0,199.0
34603,0.0,0.0,0.0,0.0,1.0,0.0,0.0,1.0
34604,1213.0,3.0,0.0,150.0,138.0,1.0,0.0,138.0
34605,3.0,0.0,0.0,1.0,1.0,0.0,0.0,1.0
34606,1640.0,6.0,1.0,201.0,146.0,0.0,0.0,146.0
34607,458.0,1.0,0.0,144.0,103.0,0.0,0.0,103.0
34608,2212.0,8.0,0.0,297.0,162.0,0.0,0.0,162.0
34609,1887.0,5.0,0.0,317.0,196.0,0.0,0.0,196.0
34610,1226.0,153.0,0.0,161.0,183.0,20.0,8.0,183.0
34613,1058.0,5.0,0.0,160.0,135.0,0.0,0.0,135.0
34614,472.0,1.0,0.0,69.0,61.0,0.0,0.0,61.0
34629,0.0,0.0,0.0,0.0,0.0,1.0,0.0,0.0
34636,1.0,0.0,0.0,8.0,6.0,0.0,0.0,6.0
34637,139.0,36.0,0.0,0.0,0.0,0.0,0.0,0.0
34638,1087.0,267.0,0.0,1.0,1.0,0.0,1.0,1.0
34639,1697.0,270.0,0.0,133.0,160.0,22.0,13.0,160.0
34641,0.0,0.0,0.0,1.0,0.0,0.0,0.0,0.0
34643,1.0,0.0,0.0,0.0,0.0,0.0,0.0,0.0
34647,3.0,0.0,0.0,0.0,0.0,0.0,0.0,0.0
34652,4221.0,421.0,0.0,336.0,474.0,44.0,22.0,474.0
34653,3519.0,472.0,0.0,153.0,279.0,30.0,11.0,279.0
34654,1734.0,239.0,0.0,223.0,228.0,46.0,11.0,228.0
34655,2164.0,322.0,0.0,106.0,151.0,19.0,13.0,151.0
34660,3.0,0.0,0.0,1.0,3.0,0.0,0.0,3.0
34661,30.0,0.0,0.0,11.0,25.0,0.0,0.0,25.0
34662,0.0,0.0,0.0,1.0,0.0,0.0,0.0,0.0
34667,2642.0,393.0,0.0,301.0,431.0,36.0,19.0,431.0
34668,6117.0,933.0,0.0,377.0,549.0,58.0,28.0,549.0
34669,1201.0,174.0,0.0,155.0,168.0,16.0,6.0,168.0
34673,1.0,0.0,0.0,0.0,1.0,0.0,0.0,1.0
34677,1428.0,451.0,0.0,41.0,68.0,0.0,0.0,68.0
34678,1.0,0.0,0.0,0.0,0.0,0.0,0.0,0.0
34679,20.0,1.0,0.0,10.0,6.0,2.0,0.0,6.0
34680,0.0,0.0,0.0,0.0,1.0,0.0,0.0,1.0
34681,138.0,8.0,0.0,3.0,16.0,0.0,0.0,16.0
34682,2.0,1.0,0.0,0.0,0.0,0.0,0.0,0.0
34683,3562.0,477.0,0.0,82.0,182.0,0.0,0.0,182.0
34684,2548.0,379.0,0.0,34.0,92.0,0.0,0.0,92.0
34685,970.0,233.0,0.0,11.0,30.0,0.0,0.0,30.0
34688,366.0,80.0,0.0,5.0,22.0,0.0,0.0,22.0
34689,3696.0,641.0,0.0,98.0,184.0,0.0,0.0,184.0
34690,2636.0,291.0,0.0,57.0,133.0,8.0,3.0,133.0
34691,4950.0,531.0,0.0,232.0,345.0,23.0,9.0,345.0
34692,3.0,1.0,0.0,0.0,0.0,0.0,0.0,0.0
34695,1740.0,303.0,0.0,41.0,106.0,0.0,0.0,106.0
34697,3.0,0.0,0.0,0.0,0.0,0.0,0.0,0.0
34698,5061.0,672.0,0.0,109.0,284.0,0.0,0.0,284.0
34699,1.0,0.0,0.0,0.0,0.0,0.0,0.0,0.0
34705,383.0,60.0,0.0,39.0,65.0,8.0,1.0,65.0
34711,5015.0,1614.0,0.0,814.0,1259.0,198.0,26.0,1259.0
34712,3.0,1.0,0.0,1.0,5.0,1.0,0.0,5.0
34713,0.0,2.0,0.0,0.0,0.0,0.0,0.0,0.0
34714,1897.0,975.0,0.0,10.0,11.0,4.0,0.0,11.0
34715,1663.0,495.0,0.0,42.0,46.0,9.0,0.0,46.0
34716,1.0,2.0,0.0,0.0,1.0,0.0,0.0,1.0
34717,0.0,1.0,0.0,0.0,0.0,0.0,0.0,0.0
34721,1.0,0.0,0.0,0.0,0.0,1.0,0.0,0.0
34722,1.0,0.0,0.0,0.0,0.0,0.0,0.0,0.0
34729,9.0,0.0,0.0,9.0,8.0,2.0,0.0,8.0
34731,1451.0,276.0,0.0,283.0,251.0,19.0,9.0,251.0
34734,441.0,178.0,0.0,70.0,107.0,49.0,6.0,107.0
34736,2175.0,723.0,0.0,293.0,398.0,73.0,9.0,398.0
34737,259.0,55.0,0.0,49.0,82.0,10.0,2.0,82.0
34738,1.0,0.0,0.0,0.0,0.0,0.0,0.0,0.0
34739,78.0,35.0,0.0,83.0,199.0,38.0,2.0,199.0
34740,1.0,0.0,0.0,5.0,1.0,3.0,1.0,1.0
34741,5309.0,6485.0,0.0,1470.0,1331.0,4724.0,20.0,1331.0
34742,5.0,4.0,0.0,3.0,4.0,9.0,0.0,4.0
34743,5237.0,4440.0,1.0,1454.0,1083.0,5048.0,24.0,1083.0
34744,5531.0,5890.0,0.0,1287.0,1125.0,5083.0,22.0,1125.0
34745,3.0,1.0,0.0,2.0,3.0,4.0,0.0,3.0
34746,5919.0,5691.0,0.0,958.0,997.0,3692.0,15.0,997.0
34747,954.0,1195.0,0.0,133.0,178.0,172.0,3.0,178.0
34748,4306.0,1408.0,0.0,532.0,670.0,73.0,27.0,670.0
34749,1.0,1.0,0.0,1.0,1.0,0.0,0.0,1.0
34751,1.0,0.0,0.0,0.0,0.0,0.0,0.0,0.0
34753,792.0,274.0,0.0,67.0,123.0,10.0,2.0,123.0
34755,2.0,0.0,0.0,14.0,13.0,0.0,0.0,13.0
34756,304.0,88.0,0.0,69.0,95.0,23.0,1.0,95.0
34757,0.0,0.0,0.0,1.0,0.0,0.0,0.0,0.0
34758,5909.0,3732.0,0.0,824.0,883.0,3291.0,18.0,883.0
34759,5288.0,3821.0,0.0,527.0,697.0,2213.0,11.0,697.0
34760,121.0,38.0,0.0,29.0,32.0,23.0,1.0,32.0
34761,4854.0,2383.0,0.0,506.0,815.0,284.0,21.0,815.0
34762,124.0,19.0,0.0,28.0,41.0,3.0,1.0,41.0
34763,0.0,1.0,0.0,0.0,0.0,0.0,0.0,0.0
34764,1.0,0.0,0.0,0.0,0.0,0.0,0.0,0.0
34766,0.0,0.0,0.0,1.0,0.0,0.0,0.0,0.0
34767,0.0,1.0,0.0,0.0,0.0,0.0,0.0,0.0
34768,1.0,0.0,0.0,0.0,0.0,0.0,0.0,0.0
34769,2146.0,1846.0,0.0,712.0,799.0,1686.0,12.0,799.0
34770,1.0,1.0,0.0,2.0,6.0,4.0,1.0,6.0
34771,1604.0,1547.0,0.0,600.0,655.0,1059.0,16.0,655.0
34772,2367.0,1686.0,0.0,674.0,788.0,1275.0,3.0,788.0
34773,299.0,217.0,0.0,137.0,265.0,84.0,4.0,265.0
34774,1.0,2.0,0.0,0.0,0.0,1.0,0.0,0.0
34775,0.0,1.0,0.0,0.0,0.0,0.0,0.0,0.0
34777,0.0,1.0,0.0,3.0,1.0,0.0,0.0,1.0
34778,0.0,1.0,0.0,2.0,2.0,1.0,0.0,2.0
34780,0.0,1.0,0.0,0.0,0.0,0.0,0.0,0.0
34782,1.0,1.0,0.0,0.0,0.0,0.0,0.0,0.0
34784,0.0,1.0,0.0,0.0,0.0,0.0,0.0,0.0
34785,1838.0,3.0,0.0,476.0,530.0,0.0,0.0,530.0
34786,1382.0,857.0,0.0,203.0,252.0,160.0,4.0,252.0
34787,4919.0,2603.0,0.0,514.0,892.0,334.0,17.0,892.0
34788,1851.0,459.0,0.0,322.0,426.0,39.0,10.0,426.0
34789,0.0,1.0,0.0,1.0,1.0,0.0,0.0,1.0
34791,0.0,1.0,0.0,0.0,0.0,0.0,0.0,0.0
34792,1.0,0.0,0.0,0.0,0.0,0.0,0.0,0.0
34794,1.0,0.0,0.0,0.0,0.0,0.0,0.0,0.0
34797,177.0,27.0,0.0,45.0,50.0,1.0,0.0,50.0
34809,1.0,0.0,0.0,0.0,0.0,0.0,0.0,0.0
34818,0.0,1.0,0.0,0.0,0.0,0.0,0.0,0.0
34826,0.0,2.0,0.0,0.0,0.0,0.0,0.0,0.0
34827,0.0,3.0,0.0,0.0,0.0,0.0,0.0,0.0
34829,0.0,0.0,0.0,0.0,1.0,0.0,0.0,1.0
34844,0.0,0.0,0.0,0.0,0.0,1.0,0.0,0.0
34881,1.0,0.0,0.0,0.0,0.0,0.0,0.0,0.0
34884,0.0,0.0,1.0,0.0,0.0,0.0,0.0,0.0
34888,0.0,1.0,0.0,0.0,0.0,0.0,0.0,0.0
34892,1.0,0.0,0.0,0.0,0.0,0.0,0.0,0.0
34902,0.0,0.0,1.0,0.0,0.0,0.0,0.0,0.0
34904,1.0,0.0,0.0,0.0,0.0,0.0,0.0,0.0
34905,0.0,0.0,1.0,0.0,0.0,0.0,0.0,0.0
34907,0.0,0.0,0.0,1.0,0.0,0.0,0.0,0.0
34921,0.0,1.0,0.0,0.0,0.0,0.0,0.0,0.0
34942,0.0,0.0,1.0,1.0,1.0,0.0,0.0,1.0
34945,451.0,0.0,105.0,851.0,532.0,0.0,8.0,532.0
34946,1482.0,3.0,559.0,2209.0,1723.0,0.0,61.0,1723.0
34947,2958.0,8.0,665.0,2449.0,1965.0,0.0,82.0,1965.0
34948,1.0,0.0,3.0,5.0,3.0,0.0,0.0,3.0
34949,498.0,1.0,107.0,2439.0,1905.0,0.0,25.0,1905.0
34950,3498.0,12.0,1157.0,4310.0,3557.0,1.0,138.0,3557.0
34951,1976.0,6.0,494.0,3606.0,2393.0,0.0,26.0,2393.0
34952,3236.0,4.0,1720.0,7322.0,5203.0,0.0,81.0,5203.0
34953,7164.0,16.0,1803.0,6064.0,4179.0,0.0,44.0,4179.0
34954,6.0,0.0,11.0,30.0,40.0,0.0,1.0,40.0
34956,775.0,2.0,633.0,712.0,971.0,1.0,25.0,971.0
34957,1272.0,3.0,1017.0,3800.0,3619.0,0.0,56.0,3619.0
34958,1.0,0.0,3.0,18.0,9.0,0.0,0.0,9.0
34961,0.0,0.0,0.0,0.0,1.0,0.0,0.0,1.0
34966,0.0,0.0,0.0,0.0,1.0,0.0,0.0,1.0
34967,0.0,0.0,0.0,1.0,0.0,0.0,0.0,0.0
34968,0.0,0.0,0.0,1.0,0.0,0.0,0.0,0.0
34972,2387.0,869.0,829.0,2250.0,2601.0,51.0,64.0,2601.0
34973,2.0,0.0,11.0,25.0,42.0,0.0,1.0,42.0
34974,3172.0,1142.0,1238.0,3378.0,3602.0,67.0,50.0,3602.0
34975,0.0,0.0,1.0,0.0,0.0,0.0,0.0,0.0
34979,1.0,0.0,0.0,6.0,4.0,0.0,0.0,4.0
34981,520.0,0.0,112.0,651.0,485.0,0.0,11.0,485.0
34982,3261.0,9.0,957.0,5108.0,3438.0,0.0,72.0,3438.0
34983,4310.0,10.0,1494.0,6525.0,4177.0,0.0,70.0,4177.0
34984,1414.0,5.0,552.0,2188.0,1452.0,0.0,17.0,1452.0
34985,2.0,0.0,1.0,5.0,8.0,0.0,0.0,8.0
34986,1558.0,4.0,361.0,1173.0,929.0,0.0,4.0,929.0
34987,479.0,1.0,87.0,302.0,211.0,0.0,1.0,211.0
34988,0.0,0.0,0.0,3.0,1.0,0.0,0.0,1.0
34990,1057.0,4.0,635.0,2343.0,2037.0,0.0,27.0,2037.0
34991,1.0,0.0,0.0,5.0,2.0,0.0,0.0,2.0
34992,1.0,0.0,18.0,44.0,37.0,0.0,0.0,37.0
34994,1053.0,5.0,655.0,2014.0,1876.0,0.0,23.0,1876.0
34995,0.0,0.0,6.0,26.0,23.0,0.0,0.0,23.0
34996,425.0,1.0,242.0,1179.0,1061.0,0.0,15.0,1061.0
34997,2399.0,6.0,1699.0,5165.0,4496.0,0.0,70.0,4496.0
34998,1.0,0.0,0.0,0.0,0.0,0.0,0.0,0.0
